timestamp,self/other,cid,[,ctype,didx,dposition,multiplay_id,multiplay_index,],dst,<actionid>,<skillid>,iscrit,dmg,who,:,time,:,dps5248802811946031000,cb::admg,10540201 ,[,0,0,0,2,0,],->203060509:[1|0.0.255.0],<500000>,<0>,dmg: ,1007, ,0: 20,(,1.16,):,[,0, , , , ,],{,869, , , , ,},{ °£¶û·ÆÀòË¿},°£¶û·ÆÀòË¿
5248802811948691000,cb::admg,10850201 ,[,0,0,0,1,0,],->10850201:[0|0.0.1.0],<20803003>,<308502011>,dmg: ,0, ,0: 10,(,1.42,):,[,0, , , , ,],{,0, , , , ,},{ Ì«¹«Íû},Ì«¹«Íû Ì«¹«Íû ÎµÀ¶Ö®»ê
5248802811950195000,cb::admg,10150202 ,[,0,0,0,6,0,],->203060509:[1|0.0.255.0],<100000>,<0>,dmg: ,870, ,0: 20 60,(,1.57,):,[,0,0, , , ,],{,869,552, , , ,},{ °£¶û·ÆÀòË¿ ÈüÀö°¬À­},ÈüÀö°¬À­
5248802811950516000,cb::admg,10540201 ,[,0,0,0,2,0,],->203060509:[1|0.0.255.0],<500001>,<0>,dmg: ,548, ,0: 20 60,(,1.61,):,[,0,0, , , ,],{,967,552, , , ,},{ °£¶û·ÆÀòË¿ ÈüÀö°¬À­},°£¶û·ÆÀòË¿
5248802811951673000,cb::admg,10540201 ,[,0,0,0,2,0,],->203060509:[1|0.0.255.0],<500001>,<0>,dmg: ,547, ,0: 20 60,(,1.72,):,[,0,0, , , ,],{,1220,552, , , ,},{ °£¶û·ÆÀòË¿ ÈüÀö°¬À­},°£¶û·ÆÀòË¿
5248802811953021000,cb::admg,10750201 ,[,0,0,0,4,0,],->203060509:[1|0.0.255.0],<700000>,<0>,dmg: ,864, ,0: 20 60 40,(,1.86,):,[,0,0,0, , ,],{,1220,552,465, , ,},{ °£¶û·ÆÀòË¿ ÈüÀö°¬À­ ÀòÀò},ÀòÀò
5248802811953665000,cb::admg,10150202 ,[,0,0,0,6,0,],->203060509:[1|0.0.255.0],<100001>,<0>,dmg: ,1633, ,0: 20 60 40,(,1.92,):,[,0,0,0, , ,],{,1220,1302,465, , ,},{ °£¶û·ÆÀòË¿ ÈüÀö°¬À­ ÀòÀò},ÈüÀö°¬À­
5248802811958147000,cb::admg,10540201 ,[,0,0,0,2,0,],->203060509:[1|0.0.255.0],<500002>,<0>,dmg: ,1274, ,0: 20 60 40,(,2.37,):,[,0,0,0, , ,],{,1424,1302,465, , ,},{ °£¶û·ÆÀòË¿ ÈüÀö°¬À­ ÀòÀò},°£¶û·ÆÀòË¿
5248802811958313000,cb::admg,10150202 ,[,0,0,0,6,0,],->203060509:[1|0.0.255.0],<100005>,<0>,dmg: ,1910, ,0: 20 60 40,(,2.39,):,[,0,0,0, , ,],{,1424,1848,465, , ,},{ °£¶û·ÆÀòË¿ ÈüÀö°¬À­ ÀòÀò},ÈüÀö°¬À­
5248802811963110000,cb::admg,10150202 ,[,0,0,0,6,0,],->203060509:[1|0.0.255.0],<100000>,<0>,dmg: ,1448, ,0: 20 60 40,(,2.87,):,[,0,0,0, , ,],{,1424,2044,465, , ,},{ °£¶û·ÆÀòË¿ ÈüÀö°¬À­ ÀòÀò},ÈüÀö°¬À­
5248802811964175000,cb::admg,10540201 ,[,0,0,0,2,0,],->203060509:[1|0.0.255.0],<500003>,<0>,dmg: ,1749, ,0: 20 60 40,(,2.97,):,[,0,0,0, , ,],{,1723,2044,465, , ,},{ °£¶û·ÆÀòË¿ ÈüÀö°¬À­ ÀòÀò},°£¶û·ÆÀòË¿
5248802811966435000,cb::admg,10850201 ,[,0,0,0,1,0,],->10850201:[0|0.0.1.0],<891002>,<108502012>,dmg: ,0, ,0: 10,(,3.20,):,[,0, , , , ,],{,0, , , , ,},{ Ì«¹«Íû},Ì«¹«Íû Ì«¹«Íû »¤ÉíÌìÓÓÖ®·¨
5248802811966440000,cb::admg,10850201 ,[,0,0,0,1,0,],->10540201:[0|0.0.2.0],<891002>,<108502012>,dmg: ,0, ,0: 10,(,3.20,):,[,0, , , , ,],{,0, , , , ,},{ Ì«¹«Íû},Ì«¹«Íû °£¶û·ÆÀòË¿ »¤ÉíÌìÓÓÖ®·¨
5248802811966446000,cb::admg,10850201 ,[,0,0,0,1,0,],->10750201:[0|0.0.4.0],<891002>,<108502012>,dmg: ,0, ,0: 10,(,3.20,):,[,0, , , , ,],{,0, , , , ,},{ Ì«¹«Íû},Ì«¹«Íû ÀòÀò »¤ÉíÌìÓÓÖ®·¨
5248802811967188000,cb::admg,10850201 ,[,0,0,0,1,0,],->10150202:[0|0.0.6.0],<891002>,<108502012>,dmg: ,0, ,0: 10,(,3.27,):,[,0, , , , ,],{,0, , , , ,},{ Ì«¹«Íû},Ì«¹«Íû ÈüÀö°¬À­ »¤ÉíÌìÓÓÖ®·¨
5248802811967216000,cb::admg,10850201 ,[,0,0,0,1,0,],->10850201:[0|0.0.1.0],<891002>,<108502012>,dmg: ,-343, ,0: 10,(,3.28,):,[,0, , , , ,],{,-104, , , , ,},{ Ì«¹«Íû},Ì«¹«Íû Ì«¹«Íû »¤ÉíÌìÓÓÖ®·¨
5248802811967233000,cb::admg,10850201 ,[,0,0,0,1,0,],->10150202:[0|0.0.6.0],<891002>,<108502012>,dmg: ,-370, ,0: 10,(,3.28,):,[,0, , , , ,],{,-112, , , , ,},{ Ì«¹«Íû},Ì«¹«Íû ÈüÀö°¬À­ »¤ÉíÌìÓÓÖ®·¨
5248802811968274000,cb::admg,10850201 ,[,0,0,0,1,0,],->10540201:[0|0.0.2.0],<891002>,<108502012>,dmg: ,-362, ,0: 10,(,3.38,):,[,0, , , , ,],{,-107, , , , ,},{ Ì«¹«Íû},Ì«¹«Íû °£¶û·ÆÀòË¿ »¤ÉíÌìÓÓÖ®·¨
5248802811968285000,cb::admg,10750201 ,[,0,0,0,4,0,],->203060509:[1|0.0.255.0],<791010>,<107502011>,dmg: ,6368, ,0: 20 60 40,(,3.38,):,[,0,0,0, , ,],{,1723,2044,2137, , ,},{ °£¶û·ÆÀòË¿ ÈüÀö°¬À­ ÀòÀò},ÀòÀò »¨Ö®Ë®¾§
5248802811969257000,cb::admg,10850201 ,[,0,0,0,1,0,],->10750201:[0|0.0.4.0],<891002>,<108502012>,dmg: ,-351, ,0: 10,(,3.48,):,[,0, , , , ,],{,-100, , , , ,},{ Ì«¹«Íû},Ì«¹«Íû ÀòÀò »¤ÉíÌìÓÓÖ®·¨
5248802811969273000,cb::admg,10850201 ,[,0,0,0,1,0,],->203060509:[1|0.0.255.0],<800000>,<0>,dmg: ,486, ,0: 20 60 40 10,(,3.48,):,[,0,0,0,0, ,],{,1723,2044,2137,139, ,},{ °£¶û·ÆÀòË¿ ÈüÀö°¬À­ ÀòÀò Ì«¹«Íû},Ì«¹«Íû
5248802811970418000,cb::admg,10540201 ,[,0,0,0,2,0,],->203060509:[1|0.0.255.0],<500004>,<0>,dmg: ,1322, ,0: 20 60 40 10,(,3.60,):,[,0,0,0,0, ,],{,1792,2044,2137,139, ,},{ °£¶û·ÆÀòË¿ ÈüÀö°¬À­ ÀòÀò Ì«¹«Íû},°£¶û·ÆÀòË¿
5248802811976884000,cb::admg,203060509 ,[,1,0,0,255,0,],->10150202:[0|0.0.6.0],<300210731>,<0>,dmg: ,3021, ,0: 10 2550,(,4.24,):,[,0,0, , , ,],{,-112,711, , , ,},{ Ì«¹«Íû }, ÈüÀö°¬À­ ÕæÑæ±¬·¢
5248802811977878000,cb::admg,203060509 ,[,1,0,0,255,0,],->10850201:[0|0.0.1.0],<300210731>,<0>,dmg: ,2248, ,0: 10 2550,(,4.34,):,[,0,0, , , ,],{,-104,517, , , ,},{ Ì«¹«Íû }, Ì«¹«Íû ÕæÑæ±¬·¢
5248802811977895000,cb::admg,203060509 ,[,1,0,0,255,0,],->10540201:[0|0.0.2.0],<300210731>,<0>,dmg: ,2888, ,0: 10 2550,(,4.34,):,[,0,0, , , ,],{,-107,664, , , ,},{ Ì«¹«Íû }, °£¶û·ÆÀòË¿ ÕæÑæ±¬·¢
5248802811978711000,cb::admg,10750201 ,[,0,0,0,4,0,],->203060509:[1|0.0.255.0],<791010>,<107502011>,dmg: ,5934, ,0: 20 60 40 10,(,4.43,):,[,0,0,0,0, ,],{,1792,2044,2974,139, ,},{ °£¶û·ÆÀòË¿ ÈüÀö°¬À­ ÀòÀò Ì«¹«Íû},ÀòÀò »¨Ö®Ë®¾§
5248802811978721000,cb::admg,203060509 ,[,1,0,0,255,0,],->10750201:[0|0.0.4.0],<300210731>,<0>,dmg: ,2548, ,0: 10 2550,(,4.43,):,[,0,0, , , ,],{,-100,575, , , ,},{ Ì«¹«Íû }, ÀòÀò ÕæÑæ±¬·¢
5248802811986507000,cb::admg,10150202 ,[,0,0,0,6,0,],->203060509:[1|0.0.255.0],<100000>,<0>,dmg: ,1509, ,0: 20 60 40 10,(,5.21,):,[,0,1474,0,0, ,],{,1792,1415,2974,139, ,},{ °£¶û·ÆÀòË¿ ÈüÀö°¬À­ ÀòÀò Ì«¹«Íû},ÈüÀö°¬À­
5248802811988504000,cb::admg,10540201 ,[,0,0,0,2,0,],->203060509:[1|0.0.255.0],<500000>,<0>,dmg: ,895, ,0: 20 60 40 10,(,5.41,):,[,1468,1474,0,0, ,],{,1358,1415,2974,139, ,},{ °£¶û·ÆÀòË¿ ÈüÀö°¬À­ ÀòÀò Ì«¹«Íû},°£¶û·ÆÀòË¿
5248802811989575000,cb::admg,10750201 ,[,0,0,0,4,0,],->203060509:[1|0.0.255.0],<20723000>,<307502021>,dmg: ,2768, ,0: 20 60 40 10,(,5.51,):,[,1468,1474,3186,0, ,],{,1358,1415,2890,139, ,},{ °£¶û·ÆÀòË¿ ÈüÀö°¬À­ ÀòÀò Ì«¹«Íû},ÀòÀò ±¬ÁÑÉîÔ¨
5248802811991623000,cb::admg,10750201 ,[,0,0,0,4,0,],->203060509:[1|0.0.255.0],<20723000>,<307502021>,dmg: ,2778, ,0: 20 60 40 10,(,5.72,):,[,1468,1474,3742,0, ,],{,1358,1415,3272,139, ,},{ °£¶û·ÆÀòË¿ ÈüÀö°¬À­ ÀòÀò Ì«¹«Íû},ÀòÀò ±¬ÁÑÉîÔ¨
5248802811992620000,cb::admg,10750201 ,[,0,0,0,4,0,],->203060509:[1|0.0.255.0],<20723000>,<307502021>,dmg: ,2820, ,0: 20 60 40 10,(,5.82,):,[,1468,1474,4306,0, ,],{,1358,1415,3701,139, ,},{ °£¶û·ÆÀòË¿ ÈüÀö°¬À­ ÀòÀò Ì«¹«Íû},ÀòÀò ±¬ÁÑÉîÔ¨
5248802811992633000,cb::admg,10540201 ,[,0,0,0,2,0,],->203060509:[1|0.0.255.0],<500001>,<0>,dmg: ,477, ,0: 20 60 40 10,(,5.82,):,[,1563,1474,4306,0, ,],{,1343,1415,3701,139, ,},{ °£¶û·ÆÀòË¿ ÈüÀö°¬À­ ÀòÀò Ì«¹«Íû},°£¶û·ÆÀòË¿
5248802811994444000,cb::admg,10750201 ,[,0,0,0,4,0,],->203060509:[1|0.0.255.0],<20723000>,<307502021>,dmg: ,2786, ,0: 20 60 40 10,(,6.00,):,[,1563,1474,4863,0, ,],{,1343,1415,4053,139, ,},{ °£¶û·ÆÀòË¿ ÈüÀö°¬À­ ÀòÀò Ì«¹«Íû},ÀòÀò ±¬ÁÑÉîÔ¨
5248802811994451000,cb::admg,10850201 ,[,0,0,0,1,0,],->10850201:[0|0.0.1.0],<891090>,<108502011>,dmg: ,-1038, ,0: 10 2550,(,6.00,):,[,-276,0, , , ,],{,-230,517, , , ,},{ Ì«¹«Íû },Ì«¹«Íû Ì«¹«Íû ¿ìÓú¾»Ñ×Ö®·¨
5248802811994463000,cb::admg,10850201 ,[,0,0,0,1,0,],->10150202:[0|0.0.6.0],<891090>,<108502011>,dmg: ,-993, ,0: 10 2550,(,6.00,):,[,-272,0, , , ,],{,-227,711, , , ,},{ Ì«¹«Íû },Ì«¹«Íû ÈüÀö°¬À­ ¿ìÓú¾»Ñ×Ö®·¨
5248802811994952000,cb::admg,10150202 ,[,0,0,0,6,0,],->203060509:[1|0.0.255.0],<100005>,<0>,dmg: ,1934, ,0: 20 60 40 10,(,6.05,):,[,1563,1860,4863,0, ,],{,1343,1537,4053,139, ,},{ °£¶û·ÆÀòË¿ ÈüÀö°¬À­ ÀòÀò Ì«¹«Íû},ÈüÀö°¬À­
5248802811997927000,cb::admg,10540201 ,[,0,0,0,2,0,],->203060509:[1|0.0.255.0],<500001>,<0>,critdmg: ,812, ,0: 20 60 40 10,(,6.35,):,[,1524,1860,4863,0, ,],{,1359,1537,4053,139, ,},{ °£¶û·ÆÀòË¿ ÈüÀö°¬À­ ÀòÀò Ì«¹«Íû},°£¶û·ÆÀòË¿
5248802811997944000,cb::admg,10850201 ,[,0,0,0,1,0,],->10540201:[0|0.0.2.0],<891090>,<108502011>,dmg: ,-1056, ,0: 10 2550,(,6.35,):,[,-283,0, , , ,],{,-223,664, , , ,},{ Ì«¹«Íû },Ì«¹«Íû °£¶û·ÆÀòË¿ ¿ìÓú¾»Ñ×Ö®·¨
5248802811997959000,cb::admg,10850201 ,[,0,0,0,1,0,],->10750201:[0|0.0.4.0],<891090>,<108502011>,dmg: ,-1023, ,0: 10 2550,(,6.35,):,[,-274,0, , , ,],{,-216,575, , , ,},{ Ì«¹«Íû },Ì«¹«Íû ÀòÀò ¿ìÓú¾»Ñ×Ö®·¨
5248802812000243000,cb::admg,10540201 ,[,0,0,0,2,0,],->203060509:[1|0.0.255.0],<500002>,<0>,dmg: ,1227, ,0: 20 60 40 10,(,6.58,):,[,1770,1860,4863,0, ,],{,1498,1537,4053,139, ,},{ °£¶û·ÆÀòË¿ ÈüÀö°¬À­ ÀòÀò Ì«¹«Íû},°£¶û·ÆÀòË¿
5248802812005409000,cb::admg,10150202 ,[,0,0,0,6,0,],->203060509:[1|0.0.255.0],<100000>,<0>,dmg: ,926, ,0: 20 60 40 10,(,7.10,):,[,1770,1545,4863,0, ,],{,1498,1441,4053,139, ,},{ °£¶û·ÆÀòË¿ ÈüÀö°¬À­ ÀòÀò Ì«¹«Íû},ÈüÀö°¬À­
5248802812006885000,cb::admg,10540201 ,[,0,0,0,2,0,],->203060509:[1|0.0.255.0],<500003>,<0>,dmg: ,1585, ,0: 20 60 40 10,(,7.24,):,[,1868,1545,4863,0, ,],{,1579,1441,4053,139, ,},{ °£¶û·ÆÀòË¿ ÈüÀö°¬À­ ÀòÀò Ì«¹«Íû},°£¶û·ÆÀòË¿
5248802812009913000,cb::admg,10150202 ,[,0,0,0,6,0,],->203060509:[1|0.0.255.0],<100001>,<0>,dmg: ,1704, ,0: 20 60 40 10,(,7.55,):,[,1868,1504,4863,0, ,],{,1579,1581,4053,139, ,},{ °£¶û·ÆÀòË¿ ÈüÀö°¬À­ ÀòÀò Ì«¹«Íû},ÈüÀö°¬À­
5248802812013352000,cb::admg,10540201 ,[,0,0,0,2,0,],->203060509:[1|0.0.255.0],<500004>,<0>,dmg: ,1208, ,0: 20 60 40 10,(,7.89,):,[,1855,1504,4863,0, ,],{,1603,1581,4053,139, ,},{ °£¶û·ÆÀòË¿ ÈüÀö°¬À­ ÀòÀò Ì«¹«Íû},°£¶û·ÆÀòË¿
5248802812017325000,cb::admg,203060509 ,[,1,0,0,255,0,],->10150202:[0|0.0.6.0],<300202131>,<0>,dmg: ,0, ,0: 10 2550,(,8.29,):,[,-272,604, , , ,],{,-227,364, , , ,},{ Ì«¹«Íû }, ÈüÀö°¬À­
5248802812023327000,cb::admg,10540201 ,[,0,0,0,2,0,],->203060509:[1|0.0.255.0],<500005>,<0>,dmg: ,339, ,0: 20 60 40 10,(,8.89,):,[,1308,1504,4863,0, ,],{,1461,1581,4053,139, ,},{ °£¶û·ÆÀòË¿ ÈüÀö°¬À­ ÀòÀò Ì«¹«Íû},°£¶û·ÆÀòË¿
5248802812023333000,cb::admg,10540201 ,[,0,0,0,2,0,],->203060509:[1|0.0.255.0],<500005>,<0>,dmg: ,341, ,0: 20 60 40 10,(,8.89,):,[,1376,1504,4863,0, ,],{,1499,1581,4053,139, ,},{ °£¶û·ÆÀòË¿ ÈüÀö°¬À­ ÀòÀò Ì«¹«Íû},°£¶û·ÆÀòË¿
5248802812023337000,cb::admg,10540201 ,[,0,0,0,2,0,],->203060509:[1|0.0.255.0],<500005>,<0>,dmg: ,325, ,0: 20 60 40 10,(,8.89,):,[,1441,1504,4863,0, ,],{,1536,1581,4053,139, ,},{ °£¶û·ÆÀòË¿ ÈüÀö°¬À­ ÀòÀò Ì«¹«Íû},°£¶û·ÆÀòË¿
5248802812024296000,cb::admg,10540201 ,[,0,0,0,2,0,],->203060509:[1|0.0.255.0],<500005>,<0>,dmg: ,340, ,0: 20 60 40 10,(,8.99,):,[,1509,1504,4863,0, ,],{,1557,1581,4053,139, ,},{ °£¶û·ÆÀòË¿ ÈüÀö°¬À­ ÀòÀò Ì«¹«Íû},°£¶û·ÆÀòË¿
5248802812024308000,cb::admg,10540201 ,[,0,0,0,2,0,],->203060509:[1|0.0.255.0],<500005>,<0>,dmg: ,317, ,0: 20 60 40 10,(,8.99,):,[,1573,1504,4863,0, ,],{,1592,1581,4053,139, ,},{ °£¶û·ÆÀòË¿ ÈüÀö°¬À­ ÀòÀò Ì«¹«Íû},°£¶û·ÆÀòË¿
5248802812033924000,cb::admg,10540201 ,[,0,0,0,2,0,],->203060509:[1|0.0.255.0],<500000>,<0>,dmg: ,984, ,0: 20 60 40 10,(,9.95,):,[,1770,1504,4863,0, ,],{,1537,1581,4053,139, ,},{ °£¶û·ÆÀòË¿ ÈüÀö°¬À­ ÀòÀò Ì«¹«Íû},°£¶û·ÆÀòË¿
5248802812039206000,cb::admg,10850201 ,[,0,0,0,1,0,],->203060509:[1|0.0.255.0],<800000>,<0>,dmg: ,512, ,0: 20 60 40 10,(,10.48,):,[,1770,1504,4863,102, ,],{,1537,1581,4053,95, ,},{ °£¶û·ÆÀòË¿ ÈüÀö°¬À­ ÀòÀò Ì«¹«Íû},Ì«¹«Íû
5248802812039212000,cb::admg,10540201 ,[,0,0,0,2,0,],->203060509:[1|0.0.255.0],<500001>,<0>,dmg: ,527, ,0: 20 60 40 10,(,10.48,):,[,1696,1504,4863,102, ,],{,1510,1581,4053,95, ,},{ °£¶û·ÆÀòË¿ ÈüÀö°¬À­ ÀòÀò Ì«¹«Íû},°£¶û·ÆÀòË¿
5248802812040376000,cb::admg,10540201 ,[,0,0,0,2,0,],->203060509:[1|0.0.255.0],<500001>,<0>,dmg: ,533, ,0: 20 60 40 10,(,10.59,):,[,1803,1504,4863,102, ,],{,1544,1581,4053,95, ,},{ °£¶û·ÆÀòË¿ ÈüÀö°¬À­ ÀòÀò Ì«¹«Íû},°£¶û·ÆÀòË¿
5248802812043372000,cb::admg,10850201 ,[,0,0,0,1,0,],->203060509:[1|0.0.255.0],<800001>,<0>,dmg: ,606, ,0: 20 60 40 10,(,10.89,):,[,1803,1504,4863,223, ,],{,1544,1581,4053,147, ,},{ °£¶û·ÆÀòË¿ ÈüÀö°¬À­ ÀòÀò Ì«¹«Íû},Ì«¹«Íû
5248802812044364000,cb::admg,10150202 ,[,0,0,0,6,0,],->203060509:[1|0.0.255.0],<100000>,<0>,dmg: ,969, ,0: 20 60 40 10,(,10.99,):,[,1803,1106,4863,223, ,],{,1544,1173,4053,147, ,},{ °£¶û·ÆÀòË¿ ÈüÀö°¬À­ ÀòÀò Ì«¹«Íû},ÈüÀö°¬À­
5248802812046344000,cb::admg,10540201 ,[,0,0,0,2,0,],->203060509:[1|0.0.255.0],<500002>,<0>,dmg: ,1312, ,0: 20 60 40 10,(,11.19,):,[,1970,1106,4863,223, ,],{,1579,1173,4053,147, ,},{ °£¶û·ÆÀòË¿ ÈüÀö°¬À­ ÀòÀò Ì«¹«Íû},°£¶û·ÆÀòË¿
5248802812046349000,cb::admg,10850201 ,[,0,0,0,1,0,],->203060509:[1|0.0.255.0],<800002>,<0>,dmg: ,339, ,0: 20 60 40 10,(,11.19,):,[,1970,1106,4863,291, ,],{,1579,1173,4053,173, ,},{ °£¶û·ÆÀòË¿ ÈüÀö°¬À­ ÀòÀò Ì«¹«Íû},Ì«¹«Íû
5248802812047512000,cb::admg,10750201 ,[,0,0,0,4,0,],->203060509:[1|0.0.255.0],<700000>,<0>,dmg: ,800, ,0: 20 60 40 10,(,11.31,):,[,1970,1106,160,291, ,],{,1579,1173,2221,173, ,},{ °£¶û·ÆÀòË¿ ÈüÀö°¬À­ ÀòÀò Ì«¹«Íû},ÀòÀò
5248802812048680000,cb::admg,10150202 ,[,0,0,0,6,0,],->203060509:[1|0.0.255.0],<100001>,<0>,dmg: ,963, ,0: 20 60 40 10,(,11.42,):,[,1970,912,160,291, ,],{,1579,1213,2221,173, ,},{ °£¶û·ÆÀòË¿ ÈüÀö°¬À­ ÀòÀò Ì«¹«Íû},ÈüÀö°¬À­
5248802812049009000,cb::admg,10850201 ,[,0,0,0,1,0,],->203060509:[1|0.0.255.0],<800002>,<0>,dmg: ,331, ,0: 20 60 40 10,(,11.46,):,[,1970,912,160,357, ,],{,1579,1213,2221,198, ,},{ °£¶û·ÆÀòË¿ ÈüÀö°¬À­ ÀòÀò Ì«¹«Íû},Ì«¹«Íû
5248802812052349000,cb::admg,10750201 ,[,0,0,0,4,0,],->203060509:[1|0.0.255.0],<700001>,<0>,dmg: ,423, ,0: 20 60 40 10,(,11.79,):,[,1970,912,244,357, ,],{,1579,1213,2166,198, ,},{ °£¶û·ÆÀòË¿ ÈüÀö°¬À­ ÀòÀò Ì«¹«Íû},ÀòÀò
5248802812052357000,cb::admg,10750201 ,[,0,0,0,4,0,],->203060509:[1|0.0.255.0],<700001>,<0>,dmg: ,395, ,0: 20 60 40 10,(,11.79,):,[,1970,912,323,357, ,],{,1579,1213,2199,198, ,},{ °£¶û·ÆÀòË¿ ÈüÀö°¬À­ ÀòÀò Ì«¹«Íû},ÀòÀò
5248802812052364000,cb::admg,10540201 ,[,0,0,0,2,0,],->203060509:[1|0.0.255.0],<500003>,<0>,dmg: ,1715, ,0: 20 60 40 10,(,11.79,):,[,1905,912,323,357, ,],{,1643,1213,2199,198, ,},{ °£¶û·ÆÀòË¿ ÈüÀö°¬À­ ÀòÀò Ì«¹«Íû},°£¶û·ÆÀòË¿
5248802812052379000,cb::admg,10150202 ,[,0,0,0,6,0,],->203060509:[1|0.0.255.0],<100002>,<0>,dmg: ,1135, ,0: 20 60 40 10,(,11.79,):,[,1905,1139,323,357, ,],{,1643,1271,2199,198, ,},{ °£¶û·ÆÀòË¿ ÈüÀö°¬À­ ÀòÀò Ì«¹«Íû},ÈüÀö°¬À­
5248802812055505000,cb::admg,10850201 ,[,0,0,0,1,0,],->203060509:[1|0.0.255.0],<800003>,<0>,dmg: ,1067, ,0: 20 60 40 10,(,12.11,):,[,1905,1139,323,571, ,],{,1643,1271,2199,275, ,},{ °£¶û·ÆÀòË¿ ÈüÀö°¬À­ ÀòÀò Ì«¹«Íû},Ì«¹«Íû
5248802812056314000,cb::admg,10750201 ,[,0,0,0,4,0,],->203060509:[1|0.0.255.0],<700002>,<0>,dmg: ,275, ,0: 20 60 40 10,(,12.19,):,[,1905,1139,378,571, ,],{,1643,1271,2150,275, ,},{ °£¶û·ÆÀòË¿ ÈüÀö°¬À­ ÀòÀò Ì«¹«Íû},ÀòÀò
5248802812056324000,cb::admg,10750201 ,[,0,0,0,4,0,],->203060509:[1|0.0.255.0],<700002>,<0>,dmg: ,267, ,0: 20 60 40 10,(,12.19,):,[,1905,1139,432,571, ,],{,1643,1271,2172,275, ,},{ °£¶û·ÆÀòË¿ ÈüÀö°¬À­ ÀòÀò Ì«¹«Íû},ÀòÀò
5248802812057293000,cb::admg,10750201 ,[,0,0,0,4,0,],->203060509:[1|0.0.255.0],<700002>,<0>,dmg: ,275, ,0: 20 60 40 10,(,12.28,):,[,1905,1139,487,571, ,],{,1643,1271,2177,275, ,},{ °£¶û·ÆÀòË¿ ÈüÀö°¬À­ ÀòÀò Ì«¹«Íû},ÀòÀò
5248802812060952000,cb::admg,10540201 ,[,0,0,0,2,0,],->203060509:[1|0.0.255.0],<500004>,<0>,dmg: ,1347, ,0: 20 60 40 10,(,12.65,):,[,1857,1139,487,571, ,],{,1638,1271,2177,275, ,},{ °£¶û·ÆÀòË¿ ÈüÀö°¬À­ ÀòÀò Ì«¹«Íû},°£¶û·ÆÀòË¿
5248802812063416000,cb::admg,10150202 ,[,0,0,0,6,0,],->203060509:[1|0.0.255.0],<100000>,<0>,dmg: ,949, ,0: 20 60 40 10,(,12.90,):,[,1857,803,487,571, ,],{,1638,1236,2177,275, ,},{ °£¶û·ÆÀòË¿ ÈüÀö°¬À­ ÀòÀò Ì«¹«Íû},ÈüÀö°¬À­
5248802812063587000,cb::admg,10750201 ,[,0,0,0,4,0,],->203060509:[1|0.0.255.0],<700003>,<0>,dmg: ,633, ,0: 20 60 40 10,(,12.91,):,[,1857,803,613,571, ,],{,1638,1236,2120,275, ,},{ °£¶û·ÆÀòË¿ ÈüÀö°¬À­ ÀòÀò Ì«¹«Íû},ÀòÀò
5248802812063592000,cb::admg,10750201 ,[,0,0,0,4,0,],->203060509:[1|0.0.255.0],<700003>,<0>,dmg: ,615, ,0: 20 60 40 10,(,12.91,):,[,1857,803,736,571, ,],{,1638,1236,2168,275, ,},{ °£¶û·ÆÀòË¿ ÈüÀö°¬À­ ÀòÀò Ì«¹«Íû},ÀòÀò
5248802812063597000,cb::admg,10850201 ,[,0,0,0,1,0,],->203060509:[1|0.0.255.0],<800004>,<0>,dmg: ,1426, ,0: 20 60 40 10,(,12.92,):,[,1857,803,736,856, ,],{,1638,1236,2168,369, ,},{ °£¶û·ÆÀòË¿ ÈüÀö°¬À­ ÀòÀò Ì«¹«Íû},Ì«¹«Íû
5248802812066410000,cb::admg,10540201 ,[,0,0,0,2,0,],->10540201:[0|0.0.2.0],<12006>,<105402011>,dmg: ,0, ,0: 10 2550 20,(,13.20,):,[,-283,0,0, , ,],{,-223,664,0, , ,},{ Ì«¹«Íû  °£¶û·ÆÀòË¿},°£¶û·ÆÀòË¿ °£¶û·ÆÀòË¿ ÓÂ¸ÒÖ®Á¦
5248802812066418000,cb::admg,10540201 ,[,0,0,0,2,0,],->10850201:[0|0.0.1.0],<12006>,<105402011>,dmg: ,0, ,0: 10 2550 20,(,13.20,):,[,-276,0,0, , ,],{,-230,517,0, , ,},{ Ì«¹«Íû  °£¶û·ÆÀòË¿},°£¶û·ÆÀòË¿ Ì«¹«Íû ÓÂ¸ÒÖ®Á¦
5248802812066423000,cb::admg,10540201 ,[,0,0,0,2,0,],->10750201:[0|0.0.4.0],<12006>,<105402011>,dmg: ,0, ,0: 10 2550 20,(,13.20,):,[,-274,0,0, , ,],{,-216,575,0, , ,},{ Ì«¹«Íû  °£¶û·ÆÀòË¿},°£¶û·ÆÀòË¿ ÀòÀò ÓÂ¸ÒÖ®Á¦
5248802812066427000,cb::admg,10540201 ,[,0,0,0,2,0,],->10150202:[0|0.0.6.0],<12006>,<105402011>,dmg: ,0, ,0: 10 2550 20,(,13.20,):,[,-272,604,0, , ,],{,-227,364,0, , ,},{ Ì«¹«Íû  °£¶û·ÆÀòË¿},°£¶û·ÆÀòË¿ ÈüÀö°¬À­ ÓÂ¸ÒÖ®Á¦
5248802812070219000,cb::admg,10150202 ,[,0,0,0,6,0,],->203060509:[1|0.0.255.0],<100005>,<0>,dmg: ,2280, ,0: 20 60 40 10,(,13.58,):,[,1857,1259,736,856, ,],{,1638,1342,2168,369, ,},{ °£¶û·ÆÀòË¿ ÈüÀö°¬À­ ÀòÀò Ì«¹«Íû},ÈüÀö°¬À­
5248802812076370000,cb::admg,10150202 ,[,0,0,0,6,0,],->203060509:[1|0.0.255.0],<100000>,<0>,dmg: ,1045, ,0: 20 60 40 10,(,14.19,):,[,1857,1468,736,856, ,],{,1638,1358,2168,369, ,},{ °£¶û·ÆÀòË¿ ÈüÀö°¬À­ ÀòÀò Ì«¹«Íû},ÈüÀö°¬À­
5248802812078013000,cb::admg,10540201 ,[,0,0,0,2,0,],->203060509:[1|0.0.255.0],<500000>,<0>,dmg: ,1221, ,0: 20 60 40 10,(,14.36,):,[,1527,1468,736,856, ,],{,1529,1358,2168,369, ,},{ °£¶û·ÆÀòË¿ ÈüÀö°¬À­ ÀòÀò Ì«¹«Íû},°£¶û·ÆÀòË¿
5248802812078024000,cb::admg,10850201 ,[,0,0,0,1,0,],->203060509:[1|0.0.255.0],<800000>,<0>,dmg: ,579, ,0: 20 60 40 10,(,14.36,):,[,1527,1468,736,972, ,],{,1529,1358,2168,372, ,},{ °£¶û·ÆÀòË¿ ÈüÀö°¬À­ ÀòÀò Ì«¹«Íû},Ì«¹«Íû
5248802812079012000,cb::admg,10750201 ,[,0,0,0,4,0,],->203060509:[1|0.0.255.0],<700000>,<0>,dmg: ,923, ,0: 20 60 40 10,(,14.46,):,[,1527,1468,921,972, ,],{,1529,1358,2000,372, ,},{ °£¶û·ÆÀòË¿ ÈüÀö°¬À­ ÀòÀò Ì«¹«Íû},ÀòÀò
5248802812082652000,cb::admg,10540201 ,[,0,0,0,2,0,],->203060509:[1|0.0.255.0],<500001>,<0>,dmg: ,609, ,0: 20 60 40 10,(,14.82,):,[,1649,1468,921,972, ,],{,1522,1358,2000,372, ,},{ °£¶û·ÆÀòË¿ ÈüÀö°¬À­ ÀòÀò Ì«¹«Íû},°£¶û·ÆÀòË¿
5248802812082665000,cb::admg,10850201 ,[,0,0,0,1,0,],->203060509:[1|0.0.255.0],<800001>,<0>,dmg: ,728, ,0: 20 60 40 10,(,14.82,):,[,1649,1468,921,1117, ,],{,1522,1358,2000,409, ,},{ °£¶û·ÆÀòË¿ ÈüÀö°¬À­ ÀòÀò Ì«¹«Íû},Ì«¹«Íû
5248802812083649000,cb::admg,10750201 ,[,0,0,0,4,0,],->203060509:[1|0.0.255.0],<700001>,<0>,dmg: ,503, ,0: 20 60 40 10,(,14.92,):,[,1649,1468,1021,1117, ,],{,1522,1358,1972,409, ,},{ °£¶û·ÆÀòË¿ ÈüÀö°¬À­ ÀòÀò Ì«¹«Íû},ÀòÀò
5248802812083660000,cb::admg,10750201 ,[,0,0,0,4,0,],->203060509:[1|0.0.255.0],<700001>,<0>,dmg: ,473, ,0: 20 60 40 10,(,14.92,):,[,1649,1468,1116,1117, ,],{,1522,1358,2003,409, ,},{ °£¶û·ÆÀòË¿ ÈüÀö°¬À­ ÀòÀò Ì«¹«Íû},ÀòÀò
5248802812083666000,cb::admg,10540201 ,[,0,0,0,2,0,],->203060509:[1|0.0.255.0],<500001>,<0>,dmg: ,626, ,0: 20 60 40 10,(,14.92,):,[,1774,1468,1116,1117, ,],{,1553,1358,2003,409, ,},{ °£¶û·ÆÀòË¿ ÈüÀö°¬À­ ÀòÀò Ì«¹«Íû},°£¶û·ÆÀòË¿
5248802812087313000,cb::admg,10850201 ,[,0,0,0,1,0,],->203060509:[1|0.0.255.0],<800002>,<0>,dmg: ,390, ,0: 20 60 40 10,(,15.29,):,[,1774,1468,1116,1195, ,],{,1553,1358,2003,422, ,},{ °£¶û·ÆÀòË¿ ÈüÀö°¬À­ ÀòÀò Ì«¹«Íû},Ì«¹«Íû
5248802812087320000,cb::admg,10750201 ,[,0,0,0,4,0,],->203060509:[1|0.0.255.0],<700002>,<0>,dmg: ,343, ,0: 20 60 40 10,(,15.29,):,[,1774,1468,1185,1195, ,],{,1553,1358,1978,422, ,},{ °£¶û·ÆÀòË¿ ÈüÀö°¬À­ ÀòÀò Ì«¹«Íû},ÀòÀò
5248802812088302000,cb::admg,10750201 ,[,0,0,0,4,0,],->203060509:[1|0.0.255.0],<700002>,<0>,dmg: ,346, ,0: 20 60 40 10,(,15.39,):,[,1774,1468,1254,1195, ,],{,1553,1358,1988,422, ,},{ °£¶û·ÆÀòË¿ ÈüÀö°¬À­ ÀòÀò Ì«¹«Íû},ÀòÀò
5248802812088308000,cb::admg,10750201 ,[,0,0,0,4,0,],->203060509:[1|0.0.255.0],<700002>,<0>,dmg: ,324, ,0: 20 60 40 10,(,15.39,):,[,1774,1468,1319,1195, ,],{,1553,1358,2009,422, ,},{ °£¶û·ÆÀòË¿ ÈüÀö°¬À­ ÀòÀò Ì«¹«Íû},ÀòÀò
5248802812089132000,cb::admg,10150202 ,[,0,0,0,6,0,],->203060509:[1|0.0.255.0],<100000>,<0>,dmg: ,1166, ,0: 20 60 40 10,(,15.47,):,[,1774,1701,1319,1195, ,],{,1553,1321,2009,422, ,},{ °£¶û·ÆÀòË¿ ÈüÀö°¬À­ ÀòÀò Ì«¹«Íû},ÈüÀö°¬À­
5248802812090301000,cb::admg,10850201 ,[,0,0,0,1,0,],->203060509:[1|0.0.255.0],<800002>,<0>,dmg: ,378, ,0: 20 60 40 10,(,15.59,):,[,1774,1701,1319,1168, ,],{,1553,1321,2009,438, ,},{ °£¶û·ÆÀòË¿ ÈüÀö°¬À­ ÀòÀò Ì«¹«Íû},Ì«¹«Íû
5248802812090310000,cb::admg,10540201 ,[,0,0,0,2,0,],->203060509:[1|0.0.255.0],<500002>,<0>,dmg: ,1538, ,0: 20 60 40 10,(,15.59,):,[,1780,1701,1319,1168, ,],{,1586,1321,2009,438, ,},{ °£¶û·ÆÀòË¿ ÈüÀö°¬À­ ÀòÀò Ì«¹«Íû},°£¶û·ÆÀòË¿
5248802812093598000,cb::admg,10150202 ,[,0,0,0,6,0,],->203060509:[1|0.0.255.0],<100001>,<0>,dmg: ,1266, ,0: 20 60 40 10,(,15.92,):,[,1780,1954,1319,1168, ,],{,1586,1363,2009,438, ,},{ °£¶û·ÆÀòË¿ ÈüÀö°¬À­ ÀòÀò Ì«¹«Íû},ÈüÀö°¬À­
5248802812095760000,cb::admg,10750201 ,[,0,0,0,4,0,],->203060509:[1|0.0.255.0],<700003>,<0>,dmg: ,706, ,0: 20 60 40 10,(,16.13,):,[,1780,1954,1460,1168, ,],{,1586,1363,1960,438, ,},{ °£¶û·ÆÀòË¿ ÈüÀö°¬À­ ÀòÀò Ì«¹«Íû},ÀòÀò
5248802812095770000,cb::admg,10750201 ,[,0,0,0,4,0,],->203060509:[1|0.0.255.0],<700003>,<0>,dmg: ,737, ,0: 20 60 40 10,(,16.13,):,[,1780,1954,1607,1168, ,],{,1586,1363,2005,438, ,},{ °£¶û·ÆÀòË¿ ÈüÀö°¬À­ ÀòÀò Ì«¹«Íû},ÀòÀò
5248802812095779000,cb::admg,10850201 ,[,0,0,0,1,0,],->203060509:[1|0.0.255.0],<800003>,<0>,dmg: ,1374, ,0: 20 60 40 10,(,16.13,):,[,1780,1954,1607,1322, ,],{,1586,1363,2005,509, ,},{ °£¶û·ÆÀòË¿ ÈüÀö°¬À­ ÀòÀò Ì«¹«Íû},Ì«¹«Íû
5248802812098731000,cb::admg,10540201 ,[,0,0,0,2,0,],->203060509:[1|0.0.255.0],<500000>,<0>,dmg: ,1241, ,0: 20 60 40 10,(,16.43,):,[,1659,1954,1607,1322, ,],{,1580,1363,2005,509, ,},{ °£¶û·ÆÀòË¿ ÈüÀö°¬À­ ÀòÀò Ì«¹«Íû},°£¶û·ÆÀòË¿
5248802812103204000,cb::admg,10540201 ,[,0,0,0,2,0,],->203060509:[1|0.0.255.0],<500001>,<0>,dmg: ,621, ,0: 20 60 40 10,(,16.88,):,[,1440,1954,1607,1322, ,],{,1575,1363,2005,509, ,},{ °£¶û·ÆÀòË¿ ÈüÀö°¬À­ ÀòÀò Ì«¹«Íû},°£¶û·ÆÀòË¿
5248802812104207000,cb::admg,10150202 ,[,0,0,0,6,0,],->203060509:[1|0.0.255.0],<191130>,<101502021>,dmg: ,4185, ,0: 20 60 40 10,(,16.98,):,[,1440,2178,1607,1322, ,],{,1575,1525,2005,509, ,},{ °£¶û·ÆÀòË¿ ÈüÀö°¬À­ ÀòÀò Ì«¹«Íû},ÈüÀö°¬À­ Ð×ÃÍ¡¤öèÓãµ¯£¡
5248802812105023000,cb::admg,10850201 ,[,0,0,0,1,0,],->203060509:[1|0.0.255.0],<800004>,<0>,dmg: ,1713, ,0: 20 60 40 10,(,17.06,):,[,1440,2178,1607,1531, ,],{,1575,1525,2005,582, ,},{ °£¶û·ÆÀòË¿ ÈüÀö°¬À­ ÀòÀò Ì«¹«Íû},Ì«¹«Íû
5248802812105030000,cb::admg,10540201 ,[,0,0,0,2,0,],->203060509:[1|0.0.255.0],<500001>,<0>,dmg: ,608, ,0: 20 60 40 10,(,17.06,):,[,1562,2178,1607,1531, ,],{,1594,1525,2005,582, ,},{ °£¶û·ÆÀòË¿ ÈüÀö°¬À­ ÀòÀò Ì«¹«Íû},°£¶û·ÆÀòË¿
5248802812105034000,cb::admg,10750201 ,[,0,0,0,4,0,],->203060509:[1|0.0.255.0],<700004>,<0>,dmg: ,555, ,0: 20 60 40 10,(,17.06,):,[,1562,2178,1395,1531, ,],{,1594,1525,1929,582, ,},{ °£¶û·ÆÀòË¿ ÈüÀö°¬À­ ÀòÀò Ì«¹«Íû},ÀòÀò
5248802812105216000,cb::admg,10150202 ,[,0,0,0,6,0,],->203060509:[1|0.0.255.0],<191130>,<101502021>,dmg: ,7240, ,0: 20 60 40 10,(,17.08,):,[,1562,3626,1395,1531, ,],{,1594,1940,1929,582, ,},{ °£¶û·ÆÀòË¿ ÈüÀö°¬À­ ÀòÀò Ì«¹«Íû},ÈüÀö°¬À­ Ð×ÃÍ¡¤öèÓãµ¯£¡
5248802812105238000,cb::admg,10150202 ,[,0,0,0,6,0,],->203060509:[1|0.0.255.0],<191130>,<101502021>,dmg: ,4214, ,0: 20 60 40 10,(,17.08,):,[,1562,4469,1395,1531, ,],{,1594,2186,1929,582, ,},{ °£¶û·ÆÀòË¿ ÈüÀö°¬À­ ÀòÀò Ì«¹«Íû},ÈüÀö°¬À­ Ð×ÃÍ¡¤öèÓãµ¯£¡
5248802812105258000,cb::admg,10150202 ,[,0,0,0,6,0,],->203060509:[1|0.0.255.0],<191130>,<101502021>,dmg: ,4202, ,0: 20 60 40 10,(,17.08,):,[,1562,5309,1395,1531, ,],{,1594,2432,1929,582, ,},{ °£¶û·ÆÀòË¿ ÈüÀö°¬À­ ÀòÀò Ì«¹«Íû},ÈüÀö°¬À­ Ð×ÃÍ¡¤öèÓãµ¯£¡
5248802812106359000,cb::admg,10750201 ,[,0,0,0,4,0,],->203060509:[1|0.0.255.0],<700004>,<0>,dmg: ,338, ,0: 20 60 40 10,(,17.19,):,[,1562,5309,1354,1531, ,],{,1594,2432,1934,582, ,},{ °£¶û·ÆÀòË¿ ÈüÀö°¬À­ ÀòÀò Ì«¹«Íû},ÀòÀò
5248802812106364000,cb::admg,10750201 ,[,0,0,0,4,0,],->203060509:[1|0.0.255.0],<700004>,<0>,dmg: ,333, ,0: 20 60 40 10,(,17.19,):,[,1562,5309,1420,1531, ,],{,1594,2432,1953,582, ,},{ °£¶û·ÆÀòË¿ ÈüÀö°¬À­ ÀòÀò Ì«¹«Íû},ÀòÀò
5248802812108009000,cb::admg,10750201 ,[,0,0,0,4,0,],->203060509:[1|0.0.255.0],<700004>,<0>,dmg: ,330, ,0: 20 60 40 10,(,17.36,):,[,1562,5309,1431,1531, ,],{,1594,2432,1953,582, ,},{ °£¶û·ÆÀòË¿ ÈüÀö°¬À­ ÀòÀò Ì«¹«Íû},ÀòÀò
5248802812108020000,cb::admg,10750201 ,[,0,0,0,4,0,],->203060509:[1|0.0.255.0],<700004>,<0>,dmg: ,336, ,0: 20 60 40 10,(,17.36,):,[,1562,5309,1499,1531, ,],{,1594,2432,1973,582, ,},{ °£¶û·ÆÀòË¿ ÈüÀö°¬À­ ÀòÀò Ì«¹«Íû},ÀòÀò
5248802812111375000,cb::admg,203060509 ,[,1,0,0,255,0,],->10150202:[0|0.0.6.0],<300202031>,<0>,dmg: ,250, ,0: 10 2550 20,(,17.69,):,[,-272,50,0, , ,],{,-227,184,0, , ,},{ Ì«¹«Íû  °£¶û·ÆÀòË¿}, ÈüÀö°¬À­
5248802812129917000,cb::admg,10540201 ,[,0,0,0,2,0,],->203060509:[1|0.0.255.0],<532000>,<105402012>,dmg: ,15722, ,0: 20 60 40 10,(,19.55,):,[,4193,5309,1499,1531, ,],{,2195,2432,1973,582, ,},{ °£¶û·ÆÀòË¿ ÈüÀö°¬À­ ÀòÀò Ì«¹«Íû},°£¶û·ÆÀòË¿ ÉñÊ¥Ô¾»÷
5248802812135231000,cb::admg,10850201 ,[,0,0,0,1,0,],->203060509:[1|0.0.255.0],<800000>,<0>,dmg: ,621, ,0: 20 60 40 10,(,20.08,):,[,4193,5309,1499,895, ,],{,2195,2432,1973,525, ,},{ °£¶û·ÆÀòË¿ ÈüÀö°¬À­ ÀòÀò Ì«¹«Íû},Ì«¹«Íû
5248802812135240000,cb::admg,10750201 ,[,0,0,0,4,0,],->203060509:[1|0.0.255.0],<791010>,<107502011>,dmg: ,7216, ,0: 20 60 40 10,(,20.08,):,[,4193,5309,2312,895, ,],{,2195,2432,2065,525, ,},{ °£¶û·ÆÀòË¿ ÈüÀö°¬À­ ÀòÀò Ì«¹«Íû},ÀòÀò »¨Ö®Ë®¾§
5248802812138376000,cb::admg,10850201 ,[,0,0,0,1,0,],->203060509:[1|0.0.255.0],<800001>,<0>,dmg: ,665, ,0: 20 60 40 10,(,20.39,):,[,4193,5309,2312,950, ,],{,2195,2432,2065,549, ,},{ °£¶û·ÆÀòË¿ ÈüÀö°¬À­ ÀòÀò Ì«¹«Íû},Ì«¹«Íû
5248802812141351000,cb::admg,10540201 ,[,0,0,0,2,0,],->203060509:[1|0.0.255.0],<500000>,<0>,dmg: ,1232, ,0: 20 60 40 10,(,20.69,):,[,3884,5309,2312,950, ,],{,2133,2432,2065,549, ,},{ °£¶û·ÆÀòË¿ ÈüÀö°¬À­ ÀòÀò Ì«¹«Íû},°£¶û·ÆÀòË¿
5248802812142837000,cb::admg,10850201 ,[,0,0,0,1,0,],->203060509:[1|0.0.255.0],<800002>,<0>,dmg: ,374, ,0: 20 60 40 10,(,20.84,):,[,3884,5309,2312,949, ,],{,2133,2432,2065,556, ,},{ °£¶û·ÆÀòË¿ ÈüÀö°¬À­ ÀòÀò Ì«¹«Íû},Ì«¹«Íû
5248802812145161000,cb::admg,10150202 ,[,0,0,0,6,0,],->203060509:[1|0.0.255.0],<100000>,<0>,dmg: ,1096, ,0: 20 60 40 10,(,21.07,):,[,3884,4187,2312,949, ,],{,2133,2023,2065,556, ,},{ °£¶û·ÆÀòË¿ ÈüÀö°¬À­ ÀòÀò Ì«¹«Íû},ÈüÀö°¬À­
5248802812145995000,cb::admg,10750201 ,[,0,0,0,4,0,],->203060509:[1|0.0.255.0],<791010>,<107502011>,dmg: ,7187, ,0: 20 60 40 10,(,21.15,):,[,3884,4187,3259,949, ,],{,2133,2023,2299,556, ,},{ °£¶û·ÆÀòË¿ ÈüÀö°¬À­ ÀòÀò Ì«¹«Íû},ÀòÀò »¨Ö®Ë®¾§
5248802812146002000,cb::admg,10850201 ,[,0,0,0,1,0,],->203060509:[1|0.0.255.0],<800002>,<0>,dmg: ,400, ,0: 20 60 40 10,(,21.16,):,[,3884,4187,3259,754, ,],{,2133,2023,2299,566, ,},{ °£¶û·ÆÀòË¿ ÈüÀö°¬À­ ÀòÀò Ì«¹«Íû},Ì«¹«Íû
5248802812146009000,cb::admg,10540201 ,[,0,0,0,2,0,],->203060509:[1|0.0.255.0],<500001>,<0>,dmg: ,648, ,0: 20 60 40 10,(,21.16,):,[,4014,4187,3259,754, ,],{,2117,2023,2299,566, ,},{ °£¶û·ÆÀòË¿ ÈüÀö°¬À­ ÀòÀò Ì«¹«Íû},°£¶û·ÆÀòË¿
5248802812147990000,cb::admg,10540201 ,[,0,0,0,2,0,],->203060509:[1|0.0.255.0],<500001>,<0>,critdmg: ,1111, ,0: 20 60 40 10,(,21.35,):,[,4236,4187,3259,754, ,],{,2149,2023,2299,566, ,},{ °£¶û·ÆÀòË¿ ÈüÀö°¬À­ ÀòÀò Ì«¹«Íû},°£¶û·ÆÀòË¿
5248802812149665000,cb::admg,10150202 ,[,0,0,0,6,0,],->203060509:[1|0.0.255.0],<100001>,<0>,dmg: ,1163, ,0: 20 60 40 10,(,21.52,):,[,4236,4420,3259,754, ,],{,2149,2035,2299,566, ,},{ °£¶û·ÆÀòË¿ ÈüÀö°¬À­ ÀòÀò Ì«¹«Íû},ÈüÀö°¬À­
5248802812151617000,cb::admg,10850201 ,[,0,0,0,1,0,],->203060509:[1|0.0.255.0],<800003>,<0>,dmg: ,1349, ,0: 20 60 40 10,(,21.72,):,[,4236,4420,3259,1024, ,],{,2149,2035,2299,614, ,},{ °£¶û·ÆÀòË¿ ÈüÀö°¬À­ ÀòÀò Ì«¹«Íû},Ì«¹«Íû
5248802812153211000,cb::admg,10540201 ,[,0,0,0,2,0,],->203060509:[1|0.0.255.0],<500002>,<0>,dmg: ,1445, ,0: 20 60 40 10,(,21.88,):,[,4153,4420,3259,1024, ,],{,2164,2035,2299,614, ,},{ °£¶û·ÆÀòË¿ ÈüÀö°¬À­ ÀòÀò Ì«¹«Íû},°£¶û·ÆÀòË¿
5248802812154772000,cb::admg,10150202 ,[,0,0,0,6,0,],->203060509:[1|0.0.255.0],<100005>,<0>,dmg: ,3795, ,0: 20 60 40 10,(,22.03,):,[,4153,4342,3259,1024, ,],{,2164,2160,2299,614, ,},{ °£¶û·ÆÀòË¿ ÈüÀö°¬À­ ÀòÀò Ì«¹«Íû},ÈüÀö°¬À­
5248802812160320000,cb::admg,10540201 ,[,0,0,0,2,0,],->203060509:[1|0.0.255.0],<500003>,<0>,dmg: ,2095, ,0: 20 60 40 10,(,22.59,):,[,4450,4342,3259,1024, ,],{,2189,2160,2299,614, ,},{ °£¶û·ÆÀòË¿ ÈüÀö°¬À­ ÀòÀò Ì«¹«Íû},°£¶û·ÆÀòË¿
5248802812160418000,cb::admg,10150202 ,[,0,0,0,6,0,],->203060509:[1|0.0.255.0],<100000>,<0>,dmg: ,1078, ,0: 20 60 40 10,(,22.60,):,[,4450,1426,3259,1024, ,],{,2189,2154,2299,614, ,},{ °£¶û·ÆÀòË¿ ÈüÀö°¬À­ ÀòÀò Ì«¹«Íû},ÈüÀö°¬À­
5248802812166733000,cb::admg,10540201 ,[,0,0,0,2,0,],->203060509:[1|0.0.255.0],<500004>,<0>,dmg: ,1554, ,0: 20 60 40 10,(,23.23,):,[,4761,1426,3259,1024, ,],{,2195,2154,2299,614, ,},{ °£¶û·ÆÀòË¿ ÈüÀö°¬À­ ÀòÀò Ì«¹«Íû},°£¶û·ÆÀòË¿
5248802812168897000,cb::admg,10150202 ,[,0,0,0,6,0,],->203060509:[1|0.0.255.0],<100005>,<0>,dmg: ,2241, ,0: 20 60 40 10,(,23.45,):,[,4761,1874,3259,1024, ,],{,2195,2171,2299,614, ,},{ °£¶û·ÆÀòË¿ ÈüÀö°¬À­ ÀòÀò Ì«¹«Íû},ÈüÀö°¬À­
5248802812175183000,cb::admg,10150202 ,[,0,0,0,6,0,],->203060509:[1|0.0.255.0],<100000>,<0>,dmg: ,1112, ,0: 20 60 40 10,(,24.07,):,[,4761,2097,3259,1024, ,],{,2195,2161,2299,614, ,},{ °£¶û·ÆÀòË¿ ÈüÀö°¬À­ ÀòÀò Ì«¹«Íû},ÈüÀö°¬À­
5248802812180341000,cb::admg,10540201 ,[,0,0,0,2,0,],->203060509:[1|0.0.255.0],<20523000>,<305502051>,dmg: ,8375, ,0: 20 60 40 10,(,24.59,):,[,3292,2097,3259,1024, ,],{,2414,2161,2299,614, ,},{ °£¶û·ÆÀòË¿ ÈüÀö°¬À­ ÀòÀò Ì«¹«Íû},°£¶û·ÆÀòË¿ Ê¼´©¡¤¾µ»¨
5248802812181809000,cb::admg,10750201 ,[,0,0,0,4,0,],->203060509:[1|0.0.255.0],<700000>,<0>,dmg: ,1038, ,0: 20 60 40 10,(,24.74,):,[,3292,2097,3088,1024, ,],{,2414,2161,2008,614, ,},{ °£¶û·ÆÀòË¿ ÈüÀö°¬À­ ÀòÀò Ì«¹«Íû},ÀòÀò
5248802812183624000,cb::admg,10150202 ,[,0,0,0,6,0,],->203060509:[1|0.0.255.0],<100005>,<0>,dmg: ,2357, ,0: 20 60 40 10,(,24.92,):,[,3292,2568,3088,1024, ,],{,2414,2182,2008,614, ,},{ °£¶û·ÆÀòË¿ ÈüÀö°¬À­ ÀòÀò Ì«¹«Íû},ÈüÀö°¬À­
5248802812186778000,cb::admg,10750201 ,[,0,0,0,4,0,],->203060509:[1|0.0.255.0],<700001>,<0>,dmg: ,565, ,0: 20 60 40 10,(,25.23,):,[,3292,2568,1758,1024, ,],{,2414,2182,1991,614, ,},{ °£¶û·ÆÀòË¿ ÈüÀö°¬À­ ÀòÀò Ì«¹«Íû},ÀòÀò
5248802812186784000,cb::admg,10750201 ,[,0,0,0,4,0,],->203060509:[1|0.0.255.0],<700001>,<0>,dmg: ,543, ,0: 20 60 40 10,(,25.23,):,[,3292,2568,1866,1024, ,],{,2414,2182,2013,614, ,},{ °£¶û·ÆÀòË¿ ÈüÀö°¬À­ ÀòÀò Ì«¹«Íû},ÀòÀò
5248802812189762000,cb::admg,10150202 ,[,0,0,0,6,0,],->203060509:[1|0.0.255.0],<100000>,<0>,dmg: ,1860, ,0: 20 60 40 10,(,25.53,):,[,3292,2940,1866,1024, ,],{,2414,2203,2013,614, ,},{ °£¶û·ÆÀòË¿ ÈüÀö°¬À­ ÀòÀò Ì«¹«Íû},ÈüÀö°¬À­
5248802812190938000,cb::admg,10540201 ,[,0,0,0,2,0,],->203060509:[1|0.0.255.0],<20523000>,<305502051>,dmg: ,8779, ,0: 20 60 40 10,(,25.65,):,[,5047,2940,1866,1024, ,],{,2657,2203,2013,614, ,},{ °£¶û·ÆÀòË¿ ÈüÀö°¬À­ ÀòÀò Ì«¹«Íû},°£¶û·ÆÀòË¿ Ê¼´©¡¤¾µ»¨
5248802812194076000,cb::admg,10150202 ,[,0,0,0,6,0,],->203060509:[1|0.0.255.0],<100001>,<0>,dmg: ,1163, ,0: 20 60 40 10,(,25.96,):,[,5047,3173,1866,1024, ,],{,2657,2211,2013,614, ,},{ °£¶û·ÆÀòË¿ ÈüÀö°¬À­ ÀòÀò Ì«¹«Íû},ÈüÀö°¬À­
5248802812197759000,cb::admg,10150202 ,[,0,0,0,6,0,],->203060509:[1|0.0.255.0],<100005>,<0>,dmg: ,2235, ,0: 20 60 40 10,(,26.33,):,[,5047,3400,1866,1024, ,],{,2657,2265,2013,614, ,},{ °£¶û·ÆÀòË¿ ÈüÀö°¬À­ ÀòÀò Ì«¹«Íû},ÈüÀö°¬À­
5248802812204009000,cb::admg,10150202 ,[,0,0,0,6,0,],->203060509:[1|0.0.255.0],<100000>,<0>,dmg: ,1126, ,0: 20 60 40 10,(,26.96,):,[,5047,3393,1866,1024, ,],{,2657,2254,2013,614, ,},{ °£¶û·ÆÀòË¿ ÈüÀö°¬À­ ÀòÀò Ì«¹«Íû},ÈüÀö°¬À­
5248802812206336000,cb::admg,10750201 ,[,0,0,0,4,0,],->203060509:[1|0.0.255.0],<700000>,<0>,dmg: ,1034, ,0: 20 60 40 10,(,27.19,):,[,5047,3393,636,1024, ,],{,2657,2254,1906,614, ,},{ °£¶û·ÆÀòË¿ ÈüÀö°¬À­ ÀòÀò Ì«¹«Íû},ÀòÀò
5248802812206343000,cb::admg,10540201 ,[,0,0,0,2,0,],->203060509:[1|0.0.255.0],<500000>,<0>,critdmg: ,2072, ,0: 20 60 40 10,(,27.19,):,[,4575,3393,636,1024, ,],{,2582,2254,1906,614, ,},{ °£¶û·ÆÀòË¿ ÈüÀö°¬À­ ÀòÀò Ì«¹«Íû},°£¶û·ÆÀòË¿
5248802812208505000,cb::admg,10150202 ,[,0,0,0,6,0,],->203060509:[1|0.0.255.0],<100001>,<0>,dmg: ,1190, ,0: 20 60 40 10,(,27.41,):,[,4575,2872,636,1024, ,],{,2582,2260,1906,614, ,},{ °£¶û·ÆÀòË¿ ÈüÀö°¬À­ ÀòÀò Ì«¹«Íû},ÈüÀö°¬À­
5248802812211970000,cb::admg,10540201 ,[,0,0,0,2,0,],->203060509:[1|0.0.255.0],<500001>,<0>,dmg: ,614, ,0: 20 60 40 10,(,27.75,):,[,4278,2872,636,1024, ,],{,2552,2260,1906,614, ,},{ °£¶û·ÆÀòË¿ ÈüÀö°¬À­ ÀòÀò Ì«¹«Íû},°£¶û·ÆÀòË¿
5248802812212639000,cb::admg,10150202 ,[,0,0,0,6,0,],->203060509:[1|0.0.255.0],<100005>,<0>,dmg: ,2263, ,0: 20 60 40 10,(,27.82,):,[,4278,3109,636,1024, ,],{,2552,2308,1906,614, ,},{ °£¶û·ÆÀòË¿ ÈüÀö°¬À­ ÀòÀò Ì«¹«Íû},ÈüÀö°¬À­
5248802812213301000,cb::admg,10540201 ,[,0,0,0,2,0,],->203060509:[1|0.0.255.0],<500001>,<0>,dmg: ,609, ,0: 20 60 40 10,(,27.89,):,[,4400,3109,636,1024, ,],{,2562,2308,1906,614, ,},{ °£¶û·ÆÀòË¿ ÈüÀö°¬À­ ÀòÀò Ì«¹«Íû},°£¶û·ÆÀòË¿
5248802812213315000,cb::admg,10750201 ,[,0,0,0,4,0,],->203060509:[1|0.0.255.0],<700001>,<0>,dmg: ,559, ,0: 20 60 40 10,(,27.89,):,[,4400,3109,747,1024, ,],{,2562,2308,1878,614, ,},{ °£¶û·ÆÀòË¿ ÈüÀö°¬À­ ÀòÀò Ì«¹«Íû},ÀòÀò
5248802812214304000,cb::admg,10750201 ,[,0,0,0,4,0,],->203060509:[1|0.0.255.0],<700001>,<0>,dmg: ,546, ,0: 20 60 40 10,(,27.99,):,[,4400,3109,857,1024, ,],{,2562,2308,1891,614, ,},{ °£¶û·ÆÀòË¿ ÈüÀö°¬À­ ÀòÀò Ì«¹«Íû},ÀòÀò
5248802812215605000,cb::admg,10750201 ,[,0,0,0,4,0,],->203060509:[1|0.0.255.0],<700002>,<0>,dmg: ,386, ,0: 20 60 40 10,(,28.12,):,[,4400,3109,934,1024, ,],{,2562,2308,1896,614, ,},{ °£¶û·ÆÀòË¿ ÈüÀö°¬À­ ÀòÀò Ì«¹«Íû},ÀòÀò
5248802812215612000,cb::admg,10750201 ,[,0,0,0,4,0,],->203060509:[1|0.0.255.0],<700002>,<0>,dmg: ,358, ,0: 20 60 40 10,(,28.12,):,[,4400,3109,1005,1024, ,],{,2562,2308,1909,614, ,},{ °£¶û·ÆÀòË¿ ÈüÀö°¬À­ ÀòÀò Ì«¹«Íû},ÀòÀò
5248802812216969000,cb::admg,10750201 ,[,0,0,0,4,0,],->203060509:[1|0.0.255.0],<700002>,<0>,dmg: ,382, ,0: 20 60 40 10,(,28.25,):,[,4400,3109,1082,1024, ,],{,2562,2308,1913,614, ,},{ °£¶û·ÆÀòË¿ ÈüÀö°¬À­ ÀòÀò Ì«¹«Íû},ÀòÀò
5248802812219423000,cb::admg,10540201 ,[,0,0,0,2,0,],->203060509:[1|0.0.255.0],<500002>,<0>,dmg: ,1493, ,0: 20 60 40 10,(,28.50,):,[,4388,3109,1082,1024, ,],{,2559,2308,1913,614, ,},{ °£¶û·ÆÀòË¿ ÈüÀö°¬À­ ÀòÀò Ì«¹«Íû},°£¶û·ÆÀòË¿
5248802812220609000,cb::admg,10150202 ,[,0,0,0,6,0,],->203060509:[1|0.0.255.0],<191130>,<101502021>,dmg: ,3999, ,0: 20 60 40 10,(,28.62,):,[,4388,3461,1082,1024, ,],{,2559,2384,1913,614, ,},{ °£¶û·ÆÀòË¿ ÈüÀö°¬À­ ÀòÀò Ì«¹«Íû},ÈüÀö°¬À­ Ð×ÃÍ¡¤öèÓãµ¯£¡
5248802812221655000,cb::admg,10150202 ,[,0,0,0,6,0,],->203060509:[1|0.0.255.0],<191130>,<101502021>,dmg: ,4101, ,0: 20 60 40 10,(,28.72,):,[,4388,4281,1082,1024, ,],{,2559,2518,1913,614, ,},{ °£¶û·ÆÀòË¿ ÈüÀö°¬À­ ÀòÀò Ì«¹«Íû},ÈüÀö°¬À­ Ð×ÃÍ¡¤öèÓãµ¯£¡
5248802812221671000,cb::admg,10150202 ,[,0,0,0,6,0,],->203060509:[1|0.0.255.0],<191130>,<101502021>,dmg: ,6683, ,0: 20 60 40 10,(,28.72,):,[,4388,5617,1082,1024, ,],{,2559,2750,1913,614, ,},{ °£¶û·ÆÀòË¿ ÈüÀö°¬À­ ÀòÀò Ì«¹«Íû},ÈüÀö°¬À­ Ð×ÃÍ¡¤öèÓãµ¯£¡
5248802812221688000,cb::admg,10150202 ,[,0,0,0,6,0,],->203060509:[1|0.0.255.0],<191130>,<101502021>,dmg: ,6996, ,0: 20 60 40 10,(,28.72,):,[,4388,7017,1082,1024, ,],{,2559,2994,1913,614, ,},{ °£¶û·ÆÀòË¿ ÈüÀö°¬À­ ÀòÀò Ì«¹«Íû},ÈüÀö°¬À­ Ð×ÃÍ¡¤öèÓãµ¯£¡
5248802812223242000,cb::admg,10750201 ,[,0,0,0,4,0,],->203060509:[1|0.0.255.0],<700003>,<0>,dmg: ,765, ,0: 20 60 40 10,(,28.88,):,[,4388,7017,1235,1024, ,],{,2559,2994,1898,614, ,},{ °£¶û·ÆÀòË¿ ÈüÀö°¬À­ ÀòÀò Ì«¹«Íû},ÀòÀò
5248802812223255000,cb::admg,10750201 ,[,0,0,0,4,0,],->203060509:[1|0.0.255.0],<700003>,<0>,dmg: ,826, ,0: 20 60 40 10,(,28.88,):,[,4388,7017,1400,1024, ,],{,2559,2994,1926,614, ,},{ °£¶û·ÆÀòË¿ ÈüÀö°¬À­ ÀòÀò Ì«¹«Íû},ÀòÀò
5248802812226079000,cb::admg,10540201 ,[,0,0,0,2,0,],->203060509:[1|0.0.255.0],<500003>,<0>,dmg: ,2047, ,0: 20 60 40 10,(,29.16,):,[,4797,7017,1400,1024, ,],{,2571,2994,1926,614, ,},{ °£¶û·ÆÀòË¿ ÈüÀö°¬À­ ÀòÀò Ì«¹«Íû},°£¶û·ÆÀòË¿
5248802812229070000,cb::admg,10850201 ,[,0,0,0,1,0,],->203060509:[1|0.0.255.0],<800000>,<0>,dmg: ,612, ,0: 20 60 40 10,(,29.46,):,[,4797,7017,1400,122, ,],{,2571,2994,1926,473, ,},{ °£¶û·ÆÀòË¿ ÈüÀö°¬À­ ÀòÀò Ì«¹«Íû},Ì«¹«Íû
5248802812229553000,cb::admg,10150202 ,[,0,0,0,6,0,],->203060509:[1|0.0.255.0],<100000>,<0>,dmg: ,1794, ,0: 20 60 40 10,(,29.51,):,[,4797,7153,1400,122, ,],{,2571,2975,1926,473, ,},{ °£¶û·ÆÀòË¿ ÈüÀö°¬À­ ÀòÀò Ì«¹«Íû},ÈüÀö°¬À­
5248802812232538000,cb::admg,10540201 ,[,0,0,0,2,0,],->203060509:[1|0.0.255.0],<500004>,<0>,dmg: ,1647, ,0: 20 60 40 10,(,29.81,):,[,3452,7153,1400,122, ,],{,2570,2975,1926,473, ,},{ °£¶û·ÆÀòË¿ ÈüÀö°¬À­ ÀòÀò Ì«¹«Íû},°£¶û·ÆÀòË¿
5248802812232545000,cb::admg,10850201 ,[,0,0,0,1,0,],->203060509:[1|0.0.255.0],<800001>,<0>,dmg: ,707, ,0: 20 60 40 10,(,29.81,):,[,3452,7153,1400,263, ,],{,2570,2975,1926,491, ,},{ °£¶û·ÆÀòË¿ ÈüÀö°¬À­ ÀòÀò Ì«¹«Íû},Ì«¹«Íû
5248802812234024000,cb::admg,10750201 ,[,0,0,0,4,0,],->203060509:[1|0.0.255.0],<700004>,<0>,dmg: ,625, ,0: 20 60 40 10,(,29.96,):,[,3452,7153,1317,263, ,],{,2570,2975,1878,491, ,},{ °£¶û·ÆÀòË¿ ÈüÀö°¬À­ ÀòÀò Ì«¹«Íû},ÀòÀò
5248802812234045000,cb::admg,10150202 ,[,0,0,0,6,0,],->203060509:[1|0.0.255.0],<100001>,<0>,dmg: ,1095, ,0: 20 60 40 10,(,29.96,):,[,3452,6901,1317,263, ,],{,2570,2967,1878,491, ,},{ °£¶û·ÆÀòË¿ ÈüÀö°¬À­ ÀòÀò Ì«¹«Íû},ÈüÀö°¬À­
5248802812235350000,cb::admg,10750201 ,[,0,0,0,4,0,],->203060509:[1|0.0.255.0],<700004>,<0>,dmg: ,365, ,0: 20 60 40 10,(,30.09,):,[,3452,6901,1390,263, ,],{,2570,2967,1882,491, ,},{ °£¶û·ÆÀòË¿ ÈüÀö°¬À­ ÀòÀò Ì«¹«Íû},ÀòÀò
5248802812235357000,cb::admg,10750201 ,[,0,0,0,4,0,],->203060509:[1|0.0.255.0],<700004>,<0>,dmg: ,367, ,0: 20 60 40 10,(,30.09,):,[,3452,6901,1464,263, ,],{,2570,2967,1894,491, ,},{ °£¶û·ÆÀòË¿ ÈüÀö°¬À­ ÀòÀò Ì«¹«Íû},ÀòÀò
5248802812236557000,cb::admg,10750201 ,[,0,0,0,4,0,],->203060509:[1|0.0.255.0],<700004>,<0>,dmg: ,369, ,0: 20 60 40 10,(,30.21,):,[,3452,6901,1538,263, ,],{,2570,2967,1899,491, ,},{ °£¶û·ÆÀòË¿ ÈüÀö°¬À­ ÀòÀò Ì«¹«Íû},ÀòÀò
5248802812236566000,cb::admg,10750201 ,[,0,0,0,4,0,],->203060509:[1|0.0.255.0],<700004>,<0>,dmg: ,373, ,0: 20 60 40 10,(,30.21,):,[,3452,6901,1612,263, ,],{,2570,2967,1911,491, ,},{ °£¶û·ÆÀòË¿ ÈüÀö°¬À­ ÀòÀò Ì«¹«Íû},ÀòÀò
5248802812236733000,cb::admg,10850201 ,[,0,0,0,1,0,],->203060509:[1|0.0.255.0],<800002>,<0>,dmg: ,408, ,0: 20 60 40 10,(,30.23,):,[,3452,6901,1612,345, ,],{,2570,2967,1911,498, ,},{ °£¶û·ÆÀòË¿ ÈüÀö°¬À­ ÀòÀò Ì«¹«Íû},Ì«¹«Íû
5248802812236739000,cb::admg,10540201 ,[,0,0,0,2,0,],->10540201:[0|0.0.2.0],<12006>,<105402011>,dmg: ,0, ,0: 10 2550 20,(,30.23,):,[,-283,0,0, , ,],{,-223,664,0, , ,},{ Ì«¹«Íû  °£¶û·ÆÀòË¿},°£¶û·ÆÀòË¿ °£¶û·ÆÀòË¿ ÓÂ¸ÒÖ®Á¦
5248802812236742000,cb::admg,10540201 ,[,0,0,0,2,0,],->10850201:[0|0.0.1.0],<12006>,<105402011>,dmg: ,0, ,0: 10 2550 20,(,30.23,):,[,-276,0,0, , ,],{,-230,517,0, , ,},{ Ì«¹«Íû  °£¶û·ÆÀòË¿},°£¶û·ÆÀòË¿ Ì«¹«Íû ÓÂ¸ÒÖ®Á¦
5248802812236746000,cb::admg,10540201 ,[,0,0,0,2,0,],->10750201:[0|0.0.4.0],<12006>,<105402011>,dmg: ,0, ,0: 10 2550 20,(,30.23,):,[,-274,0,0, , ,],{,-216,575,0, , ,},{ Ì«¹«Íû  °£¶û·ÆÀòË¿},°£¶û·ÆÀòË¿ ÀòÀò ÓÂ¸ÒÖ®Á¦
5248802812237678000,cb::admg,10540201 ,[,0,0,0,2,0,],->10150202:[0|0.0.6.0],<12006>,<105402011>,dmg: ,0, ,0: 10 2550 20,(,30.32,):,[,-272,50,0, , ,],{,-227,184,0, , ,},{ Ì«¹«Íû  °£¶û·ÆÀòË¿},°£¶û·ÆÀòË¿ ÈüÀö°¬À­ ÓÂ¸ÒÖ®Á¦
5248802812239518000,cb::admg,10150202 ,[,0,0,0,6,0,],->203060509:[1|0.0.255.0],<100005>,<0>,dmg: ,2710, ,0: 20 60 40 10,(,30.51,):,[,3452,7443,1612,345, ,],{,2570,3002,1911,498, ,},{ °£¶û·ÆÀòË¿ ÈüÀö°¬À­ ÀòÀò Ì«¹«Íû},ÈüÀö°¬À­
5248802812239683000,cb::admg,10850201 ,[,0,0,0,1,0,],->203060509:[1|0.0.255.0],<800002>,<0>,dmg: ,444, ,0: 20 60 40 10,(,30.52,):,[,3452,7443,1612,434, ,],{,2570,3002,1911,508, ,},{ °£¶û·ÆÀòË¿ ÈüÀö°¬À­ ÀòÀò Ì«¹«Íû},Ì«¹«Íû
5248802812244478000,cb::admg,10150202 ,[,0,0,0,6,0,],->203060509:[1|0.0.255.0],<100000>,<0>,dmg: ,1239, ,0: 20 60 40 10,(,31.00,):,[,3452,7086,1612,434, ,],{,2570,2994,1911,508, ,},{ °£¶û·ÆÀòË¿ ÈüÀö°¬À­ ÀòÀò Ì«¹«Íû},ÈüÀö°¬À­
5248802812245328000,cb::admg,10850201 ,[,0,0,0,1,0,],->203060509:[1|0.0.255.0],<800003>,<0>,dmg: ,1469, ,0: 20 60 40 10,(,31.09,):,[,3452,7086,1612,728, ,],{,2570,2994,1911,546, ,},{ °£¶û·ÆÀòË¿ ÈüÀö°¬À­ ÀòÀò Ì«¹«Íû},Ì«¹«Íû
5248802812248943000,cb::admg,10540201 ,[,0,0,0,2,0,],->203060509:[1|0.0.255.0],<500000>,<0>,dmg: ,1388, ,0: 20 60 40 10,(,31.45,):,[,1974,7086,1612,728, ,],{,2480,2994,1911,546, ,},{ °£¶û·ÆÀòË¿ ÈüÀö°¬À­ ÀòÀò Ì«¹«Íû},°£¶û·ÆÀòË¿
5248802812248949000,cb::admg,10850201 ,[,0,0,0,1,0,],->10850201:[0|0.0.1.0],<891090>,<108502011>,dmg: ,-1226, ,0: 10 2550 20,(,31.45,):,[,-245,0,0, , ,],{,-82,517,0, , ,},{ Ì«¹«Íû  °£¶û·ÆÀòË¿},Ì«¹«Íû Ì«¹«Íû ¿ìÓú¾»Ñ×Ö®·¨
5248802812248960000,cb::admg,10850201 ,[,0,0,0,1,0,],->10150202:[0|0.0.6.0],<891090>,<108502011>,dmg: ,-1180, ,0: 10 2550 20,(,31.45,):,[,-236,50,0, , ,],{,-80,184,0, , ,},{ Ì«¹«Íû  °£¶û·ÆÀòË¿},Ì«¹«Íû ÈüÀö°¬À­ ¿ìÓú¾»Ñ×Ö®·¨
5248802812248977000,cb::admg,10150202 ,[,0,0,0,6,0,],->203060509:[1|0.0.255.0],<100001>,<0>,dmg: ,2223, ,0: 20 60 40 10,(,31.45,):,[,1974,7083,1612,728, ,],{,2480,3022,1911,546, ,},{ °£¶û·ÆÀòË¿ ÈüÀö°¬À­ ÀòÀò Ì«¹«Íû},ÈüÀö°¬À­
5248802812249938000,cb::admg,10850201 ,[,0,0,0,1,0,],->10540201:[0|0.0.2.0],<891090>,<108502011>,dmg: ,-1197, ,0: 10 2550 20,(,31.55,):,[,-239,0,0, , ,],{,-82,664,0, , ,},{ Ì«¹«Íû  °£¶û·ÆÀòË¿},Ì«¹«Íû °£¶û·ÆÀòË¿ ¿ìÓú¾»Ñ×Ö®·¨
5248802812249948000,cb::admg,10850201 ,[,0,0,0,1,0,],->10750201:[0|0.0.4.0],<891090>,<108502011>,dmg: ,-1169, ,0: 10 2550 20,(,31.55,):,[,-233,0,0, , ,],{,-80,575,0, , ,},{ Ì«¹«Íû  °£¶û·ÆÀòË¿},Ì«¹«Íû ÀòÀò ¿ìÓú¾»Ñ×Ö®·¨
5248802812251422000,cb::admg,10750201 ,[,0,0,0,4,0,],->203060509:[1|0.0.255.0],<700000>,<0>,dmg: ,1181, ,0: 20 60 40 10,(,31.70,):,[,1974,7083,1627,728, ,],{,2480,3022,1859,546, ,},{ °£¶û·ÆÀòË¿ ÈüÀö°¬À­ ÀòÀò Ì«¹«Íû},ÀòÀò
5248802812254128000,cb::admg,10150202 ,[,0,0,0,6,0,],->203060509:[1|0.0.255.0],<100005>,<0>,dmg: ,4001, ,0: 20 60 40 10,(,31.97,):,[,1974,7658,1627,728, ,],{,2480,3098,1859,546, ,},{ °£¶û·ÆÀòË¿ ÈüÀö°¬À­ ÀòÀò Ì«¹«Íû},ÈüÀö°¬À­
5248802812254260000,cb::admg,10540201 ,[,0,0,0,2,0,],->203060509:[1|0.0.255.0],<500001>,<0>,dmg: ,772, ,0: 20 60 40 10,(,31.98,):,[,2128,7658,1627,728, ,],{,2463,3098,1859,546, ,},{ °£¶û·ÆÀòË¿ ÈüÀö°¬À­ ÀòÀò Ì«¹«Íû},°£¶û·ÆÀòË¿
5248802812255758000,cb::admg,10540201 ,[,0,0,0,2,0,],->203060509:[1|0.0.255.0],<500001>,<0>,dmg: ,616, ,0: 20 60 40 10,(,32.13,):,[,2251,7658,1627,728, ,],{,2471,3098,1859,546, ,},{ °£¶û·ÆÀòË¿ ÈüÀö°¬À­ ÀòÀò Ì«¹«Íû},°£¶û·ÆÀòË¿
5248802812256401000,cb::admg,10750201 ,[,0,0,0,4,0,],->203060509:[1|0.0.255.0],<700001>,<0>,dmg: ,520, ,0: 20 60 40 10,(,32.20,):,[,2251,7658,1524,728, ,],{,2471,3098,1846,546, ,},{ °£¶û·ÆÀòË¿ ÈüÀö°¬À­ ÀòÀò Ì«¹«Íû},ÀòÀò
5248802812256408000,cb::admg,10750201 ,[,0,0,0,4,0,],->203060509:[1|0.0.255.0],<700001>,<0>,dmg: ,554, ,0: 20 60 40 10,(,32.20,):,[,2251,7658,1635,728, ,],{,2471,3098,1863,546, ,},{ °£¶û·ÆÀòË¿ ÈüÀö°¬À­ ÀòÀò Ì«¹«Íû},ÀòÀò
5248802812260215000,cb::admg,10750201 ,[,0,0,0,4,0,],->203060509:[1|0.0.255.0],<700002>,<0>,dmg: ,358, ,0: 20 60 40 10,(,32.58,):,[,2251,7658,1706,728, ,],{,2471,3098,1852,546, ,},{ °£¶û·ÆÀòË¿ ÈüÀö°¬À­ ÀòÀò Ì«¹«Íû},ÀòÀò
5248802812260222000,cb::admg,10750201 ,[,0,0,0,4,0,],->203060509:[1|0.0.255.0],<700002>,<0>,dmg: ,351, ,0: 20 60 40 10,(,32.58,):,[,2251,7658,1777,728, ,],{,2471,3098,1863,546, ,},{ °£¶û·ÆÀòË¿ ÈüÀö°¬À­ ÀòÀò Ì«¹«Íû},ÀòÀò
5248802812261075000,cb::admg,10150202 ,[,0,0,0,6,0,],->203060509:[1|0.0.255.0],<100000>,<0>,dmg: ,1114, ,0: 20 60 40 10,(,32.66,):,[,2251,7643,1777,728, ,],{,2471,3067,1863,546, ,},{ °£¶û·ÆÀòË¿ ÈüÀö°¬À­ ÀòÀò Ì«¹«Íû},ÈüÀö°¬À­
5248802812261566000,cb::admg,10750201 ,[,0,0,0,4,0,],->203060509:[1|0.0.255.0],<700002>,<0>,dmg: ,384, ,0: 20 60 40 10,(,32.71,):,[,2251,7643,1853,728, ,],{,2471,3067,1867,546, ,},{ °£¶û·ÆÀòË¿ ÈüÀö°¬À­ ÀòÀò Ì«¹«Íû},ÀòÀò
5248802812261574000,cb::admg,10540201 ,[,0,0,0,2,0,],->203060509:[1|0.0.255.0],<500002>,<0>,dmg: ,1478, ,0: 20 60 40 10,(,32.71,):,[,2132,7643,1853,728, ,],{,2472,3067,1867,546, ,},{ °£¶û·ÆÀòË¿ ÈüÀö°¬À­ ÀòÀò Ì«¹«Íû},°£¶û·ÆÀòË¿
5248802812267173000,cb::admg,10540201 ,[,0,0,0,2,0,],->203060509:[1|0.0.255.0],<500003>,<0>,dmg: ,2148, ,0: 20 60 40 10,(,33.27,):,[,2317,7643,1853,728, ,],{,2495,3067,1867,546, ,},{ °£¶û·ÆÀòË¿ ÈüÀö°¬À­ ÀòÀò Ì«¹«Íû},°£¶û·ÆÀòË¿
5248802812268353000,cb::admg,10750201 ,[,0,0,0,4,0,],->203060509:[1|0.0.255.0],<700003>,<0>,dmg: ,773, ,0: 20 60 40 10,(,33.39,):,[,2317,7643,1562,728, ,],{,2495,3067,1852,546, ,},{ °£¶û·ÆÀòË¿ ÈüÀö°¬À­ ÀòÀò Ì«¹«Íû},ÀòÀò
5248802812268362000,cb::admg,10750201 ,[,0,0,0,4,0,],->203060509:[1|0.0.255.0],<700003>,<0>,dmg: ,787, ,0: 20 60 40 10,(,33.39,):,[,2317,7643,1719,728, ,],{,2495,3067,1876,546, ,},{ °£¶û·ÆÀòË¿ ÈüÀö°¬À­ ÀòÀò Ì«¹«Íû},ÀòÀò
5248802812269680000,cb::admg,10150202 ,[,0,0,0,6,0,],->203060509:[1|0.0.255.0],<100005>,<0>,dmg: ,2296, ,0: 20 60 40 10,(,33.52,):,[,2317,7650,1719,728, ,],{,2495,3056,1876,546, ,},{ °£¶û·ÆÀòË¿ ÈüÀö°¬À­ ÀòÀò Ì«¹«Íû},ÈüÀö°¬À­
5248802812273848000,cb::admg,10540201 ,[,0,0,0,2,0,],->203060509:[1|0.0.255.0],<500004>,<0>,dmg: ,1625, ,0: 20 60 40 10,(,33.94,):,[,2344,7650,1719,728, ,],{,2494,3056,1876,546, ,},{ °£¶û·ÆÀòË¿ ÈüÀö°¬À­ ÀòÀò Ì«¹«Íû},°£¶û·ÆÀòË¿
5248802812275152000,cb::admg,10150202 ,[,0,0,0,6,0,],->203060509:[1|0.0.255.0],<191140>,<101502022>,dmg: ,14717, ,0: 20 60 40 10,(,34.07,):,[,2344,6237,1719,728, ,],{,2494,3439,1876,546, ,},{ °£¶û·ÆÀòË¿ ÈüÀö°¬À­ ÀòÀò Ì«¹«Íû},ÈüÀö°¬À­ ´òÆø¡¤¼Ó°Ñ¾¢£¡
5248802812277957000,cb::admg,10750201 ,[,0,0,0,4,0,],->203060509:[1|0.0.255.0],<700004>,<0>,dmg: ,662, ,0: 20 60 40 10,(,34.35,):,[,2344,6237,1533,728, ,],{,2494,3439,1843,546, ,},{ °£¶û·ÆÀòË¿ ÈüÀö°¬À­ ÀòÀò Ì«¹«Íû},ÀòÀò
5248802812279296000,cb::admg,10750201 ,[,0,0,0,4,0,],->203060509:[1|0.0.255.0],<700004>,<0>,dmg: ,369, ,0: 20 60 40 10,(,34.49,):,[,2344,6237,1607,728, ,],{,2494,3439,1846,546, ,},{ °£¶û·ÆÀòË¿ ÈüÀö°¬À­ ÀòÀò Ì«¹«Íû},ÀòÀò
5248802812279305000,cb::admg,10750201 ,[,0,0,0,4,0,],->203060509:[1|0.0.255.0],<700004>,<0>,dmg: ,383, ,0: 20 60 40 10,(,34.49,):,[,2344,6237,1684,728, ,],{,2494,3439,1857,546, ,},{ °£¶û·ÆÀòË¿ ÈüÀö°¬À­ ÀòÀò Ì«¹«Íû},ÀòÀò
5248802812280439000,cb::admg,10150202 ,[,0,0,0,6,0,],->10150202:[0|0.0.6.0],<191140>,<101502022>,dmg: ,0, ,0: 10 2550 20 60,(,34.60,):,[,-236,50,0,0, ,],{,-80,184,0,0, ,},{ Ì«¹«Íû  °£¶û·ÆÀòË¿ ÈüÀö°¬À­},ÈüÀö°¬À­ ÈüÀö°¬À­ ´òÆø¡¤¼Ó°Ñ¾¢£¡
5248802812280459000,cb::admg,10150202 ,[,0,0,0,6,0,],->10850201:[0|0.0.1.0],<191140>,<101502022>,dmg: ,0, ,0: 10 2550 20 60,(,34.60,):,[,-245,0,0,0, ,],{,-82,517,0,0, ,},{ Ì«¹«Íû  °£¶û·ÆÀòË¿ ÈüÀö°¬À­},ÈüÀö°¬À­ Ì«¹«Íû ´òÆø¡¤¼Ó°Ñ¾¢£¡
5248802812280466000,cb::admg,10150202 ,[,0,0,0,6,0,],->10540201:[0|0.0.2.0],<191140>,<101502022>,dmg: ,0, ,0: 10 2550 20 60,(,34.60,):,[,-239,0,0,0, ,],{,-82,664,0,0, ,},{ Ì«¹«Íû  °£¶û·ÆÀòË¿ ÈüÀö°¬À­},ÈüÀö°¬À­ °£¶û·ÆÀòË¿ ´òÆø¡¤¼Ó°Ñ¾¢£¡
5248802812280472000,cb::admg,10150202 ,[,0,0,0,6,0,],->10750201:[0|0.0.4.0],<191140>,<101502022>,dmg: ,0, ,0: 10 2550 20 60,(,34.60,):,[,-233,0,0,0, ,],{,-80,575,0,0, ,},{ Ì«¹«Íû  °£¶û·ÆÀòË¿ ÈüÀö°¬À­},ÈüÀö°¬À­ ÀòÀò ´òÆø¡¤¼Ó°Ñ¾¢£¡
5248802812281426000,cb::admg,10750201 ,[,0,0,0,4,0,],->203060509:[1|0.0.255.0],<700004>,<0>,dmg: ,359, ,0: 20 60 40 10,(,34.70,):,[,2344,6237,1756,728, ,],{,2494,3439,1856,546, ,},{ °£¶û·ÆÀòË¿ ÈüÀö°¬À­ ÀòÀò Ì«¹«Íû},ÀòÀò
5248802812281433000,cb::admg,10750201 ,[,0,0,0,4,0,],->203060509:[1|0.0.255.0],<700004>,<0>,dmg: ,353, ,0: 20 60 40 10,(,34.70,):,[,2344,6237,1826,728, ,],{,2494,3439,1867,546, ,},{ °£¶û·ÆÀòË¿ ÈüÀö°¬À­ ÀòÀò Ì«¹«Íû},ÀòÀò
5248802812285582000,cb::admg,10540201 ,[,0,0,0,2,0,],->203060509:[1|0.0.255.0],<500000>,<0>,dmg: ,1230, ,0: 20 60 40 10,(,35.11,):,[,1851,6237,1826,728, ,],{,2446,3439,1867,546, ,},{ °£¶û·ÆÀòË¿ ÈüÀö°¬À­ ÀòÀò Ì«¹«Íû},°£¶û·ÆÀòË¿
5248802812290560000,cb::admg,10540201 ,[,0,0,0,2,0,],->203060509:[1|0.0.255.0],<500001>,<0>,dmg: ,643, ,0: 20 60 40 10,(,35.61,):,[,1980,6237,1826,728, ,],{,2430,3439,1867,546, ,},{ °£¶û·ÆÀòË¿ ÈüÀö°¬À­ ÀòÀò Ì«¹«Íû},°£¶û·ÆÀòË¿
5248802812291910000,cb::admg,10540201 ,[,0,0,0,2,0,],->203060509:[1|0.0.255.0],<500001>,<0>,dmg: ,632, ,0: 20 60 40 10,(,35.75,):,[,2106,6237,1826,728, ,],{,2438,3439,1867,546, ,},{ °£¶û·ÆÀòË¿ ÈüÀö°¬À­ ÀòÀò Ì«¹«Íû},°£¶û·ÆÀòË¿
5248802812295025000,cb::admg,10150202 ,[,0,0,0,6,0,],->10150202:[0|0.0.6.0],<191143>,<101502023>,dmg: ,0, ,0: 10 2550 20 60,(,36.06,):,[,-236,50,0,0, ,],{,-80,184,0,0, ,},{ Ì«¹«Íû  °£¶û·ÆÀòË¿ ÈüÀö°¬À­},ÈüÀö°¬À­ ÈüÀö°¬À­ ´òÆø¡¤¼Ó°Ñ¾¢£¡£¡
5248802812295041000,cb::admg,10150202 ,[,0,0,0,6,0,],->203060509:[1|0.0.255.0],<100000>,<0>,dmg: ,1250, ,0: 20 60 40 10,(,36.06,):,[,2106,5120,1826,728, ,],{,2438,3284,1867,546, ,},{ °£¶û·ÆÀòË¿ ÈüÀö°¬À­ ÀòÀò Ì«¹«Íû},ÈüÀö°¬À­
5248802812296407000,cb::admg,203060509 ,[,1,0,0,255,0,],->10750201:[0|0.0.4.0],<300210931>,<0>,dmg: ,189, ,0: 10 2550 20 60,(,36.20,):,[,-233,37,0,0, ,],{,-80,75,0,0, ,},{ Ì«¹«Íû  °£¶û·ÆÀòË¿ ÈüÀö°¬À­}, ÀòÀò ÔÉÂäÈÛÑÒ
5248802812297874000,cb::admg,10540201 ,[,0,0,0,2,0,],->203060509:[1|0.0.255.0],<500002>,<0>,dmg: ,1547, ,0: 20 60 40 10,(,36.34,):,[,2415,5120,1826,728, ,],{,2441,3284,1867,546, ,},{ °£¶û·ÆÀòË¿ ÈüÀö°¬À­ ÀòÀò Ì«¹«Íû},°£¶û·ÆÀòË¿
5248802812299534000,cb::admg,10150202 ,[,0,0,0,6,0,],->203060509:[1|0.0.255.0],<100001>,<0>,dmg: ,1246, ,0: 20 60 40 10,(,36.51,):,[,2415,4924,1826,728, ,],{,2441,3278,1867,546, ,},{ °£¶û·ÆÀòË¿ ÈüÀö°¬À­ ÀòÀò Ì«¹«Íû},ÈüÀö°¬À­
5248802812303167000,cb::admg,10150202 ,[,0,0,0,6,0,],->203060509:[1|0.0.255.0],<100002>,<0>,dmg: ,1551, ,0: 20 60 40 10,(,36.87,):,[,2415,5235,1826,728, ,],{,2441,3288,1867,546, ,},{ °£¶û·ÆÀòË¿ ÈüÀö°¬À­ ÀòÀò Ì«¹«Íû},ÈüÀö°¬À­
5248802812304151000,cb::admg,10540201 ,[,0,0,0,2,0,],->203060509:[1|0.0.255.0],<500003>,<0>,dmg: ,2192, ,0: 20 60 40 10,(,36.97,):,[,2576,5235,1826,728, ,],{,2458,3288,1867,546, ,},{ °£¶û·ÆÀòË¿ ÈüÀö°¬À­ ÀòÀò Ì«¹«Íû},°£¶û·ÆÀòË¿
5248802812310173000,cb::admg,10150202 ,[,0,0,0,6,0,],->203060509:[1|0.0.255.0],<100005>,<0>,dmg: ,2593, ,0: 20 60 40 10,(,37.57,):,[,2576,4953,1826,728, ,],{,2458,3295,1867,546, ,},{ °£¶û·ÆÀòË¿ ÈüÀö°¬À­ ÀòÀò Ì«¹«Íû},ÈüÀö°¬À­
5248802812311108000,cb::admg,10540201 ,[,0,0,0,2,0,],->203060509:[1|0.0.255.0],<500004>,<0>,dmg: ,1553, ,0: 20 60 40 10,(,37.67,):,[,2609,4953,1826,728, ,],{,2454,3295,1867,546, ,},{ °£¶û·ÆÀòË¿ ÈüÀö°¬À­ ÀòÀò Ì«¹«Íû},°£¶û·ÆÀòË¿
5248802812312936000,cb::admg,10750201 ,[,0,0,0,4,0,],->203060509:[1|0.0.255.0],<700000>,<0>,dmg: ,902, ,0: 20 60 40 10,(,37.85,):,[,2609,4953,917,728, ,],{,2454,3295,1735,546, ,},{ °£¶û·ÆÀòË¿ ÈüÀö°¬À­ ÀòÀò Ì«¹«Íû},ÀòÀò
5248802812315110000,cb::admg,10150202 ,[,0,0,0,6,0,],->203060509:[1|0.0.255.0],<100000>,<0>,dmg: ,1164, ,0: 20 60 40 10,(,38.07,):,[,2609,4963,917,728, ,],{,2454,3283,1735,546, ,},{ °£¶û·ÆÀòË¿ ÈüÀö°¬À­ ÀòÀò Ì«¹«Íû},ÈüÀö°¬À­
5248802812319223000,cb::admg,10750201 ,[,0,0,0,4,0,],->203060509:[1|0.0.255.0],<700001>,<0>,dmg: ,518, ,0: 20 60 40 10,(,38.48,):,[,2609,4963,709,728, ,],{,2454,3283,1720,546, ,},{ °£¶û·ÆÀòË¿ ÈüÀö°¬À­ ÀòÀò Ì«¹«Íû},ÀòÀò
5248802812319228000,cb::admg,10750201 ,[,0,0,0,4,0,],->203060509:[1|0.0.255.0],<700001>,<0>,dmg: ,514, ,0: 20 60 40 10,(,38.48,):,[,2609,4963,812,728, ,],{,2454,3283,1733,546, ,},{ °£¶û·ÆÀòË¿ ÈüÀö°¬À­ ÀòÀò Ì«¹«Íû},ÀòÀò
5248802812319574000,cb::admg,10150202 ,[,0,0,0,6,0,],->203060509:[1|0.0.255.0],<100001>,<0>,dmg: ,1324, ,0: 20 60 40 10,(,38.51,):,[,2609,5228,812,728, ,],{,2454,3280,1733,546, ,},{ °£¶û·ÆÀòË¿ ÈüÀö°¬À­ ÀòÀò Ì«¹«Íû},ÈüÀö°¬À­
5248802812323219000,cb::admg,10150202 ,[,0,0,0,6,0,],->203060509:[1|0.0.255.0],<100002>,<0>,dmg: ,1484, ,0: 20 60 40 10,(,38.88,):,[,2609,5065,812,728, ,],{,2454,3287,1733,546, ,},{ °£¶û·ÆÀòË¿ ÈüÀö°¬À­ ÀòÀò Ì«¹«Íû},ÈüÀö°¬À­
5248802812323386000,cb::admg,10540201 ,[,0,0,0,2,0,],->203060509:[1|0.0.255.0],<532000>,<105402012>,dmg: ,16114, ,0: 20 60 40 10,(,38.89,):,[,5107,5065,812,728, ,],{,2791,3287,1733,546, ,},{ °£¶û·ÆÀòË¿ ÈüÀö°¬À­ ÀòÀò Ì«¹«Íû},°£¶û·ÆÀòË¿ ÉñÊ¥Ô¾»÷
5248802812329015000,cb::admg,10150202 ,[,0,0,0,6,0,],->203060509:[1|0.0.255.0],<100005>,<0>,dmg: ,2435, ,0: 20 60 40 10,(,39.46,):,[,5107,2609,812,728, ,],{,2791,3300,1733,546, ,},{ °£¶û·ÆÀòË¿ ÈüÀö°¬À­ ÀòÀò Ì«¹«Íû},ÈüÀö°¬À­
5248802812338807000,cb::admg,10850201 ,[,0,0,0,1,0,],->203060509:[1|0.0.255.0],<800000>,<0>,dmg: ,585, ,0: 20 60 40 10,(,40.44,):,[,5107,2609,812,117, ,],{,2791,3300,1733,434, ,},{ °£¶û·ÆÀòË¿ ÈüÀö°¬À­ ÀòÀò Ì«¹«Íû},Ì«¹«Íû
5248802812341625000,cb::admg,10540201 ,[,0,0,0,2,0,],->203060509:[1|0.0.255.0],<500000>,<0>,dmg: ,1155, ,0: 20 60 40 10,(,40.72,):,[,4638,2609,812,117, ,],{,2694,3300,1733,434, ,},{ °£¶û·ÆÀòË¿ ÈüÀö°¬À­ ÀòÀò Ì«¹«Íû},°£¶û·ÆÀòË¿
5248802812342780000,cb::admg,10850201 ,[,0,0,0,1,0,],->203060509:[1|0.0.255.0],<800001>,<0>,dmg: ,730, ,0: 20 60 40 10,(,40.83,):,[,4638,2609,812,263, ,],{,2694,3300,1733,447, ,},{ °£¶û·ÆÀòË¿ ÈüÀö°¬À­ ÀòÀò Ì«¹«Íû},Ì«¹«Íû
5248802812343984000,cb::admg,10750201 ,[,0,0,0,4,0,],->203060509:[1|0.0.255.0],<700000>,<0>,dmg: ,957, ,0: 20 60 40 10,(,40.95,):,[,4638,2609,578,263, ,],{,2694,3300,1652,447, ,},{ °£¶û·ÆÀòË¿ ÈüÀö°¬À­ ÀòÀò Ì«¹«Íû},ÀòÀò
5248802812344291000,cb::admg,203060509 ,[,1,0,0,255,0,],->10150202:[0|0.0.6.0],<300210931>,<0>,dmg: ,207, ,0: 10 2550 20 60,(,40.98,):,[,-236,41,0,0, ,],{,-80,84,0,0, ,},{ Ì«¹«Íû  °£¶û·ÆÀòË¿ ÈüÀö°¬À­}, ÈüÀö°¬À­ ÔÉÂäÈÛÑÒ
5248802812347099000,cb::admg,10850201 ,[,0,0,0,1,0,],->203060509:[1|0.0.255.0],<800002>,<0>,dmg: ,382, ,0: 20 60 40 10,(,41.27,):,[,4638,2609,578,339, ,],{,2694,3300,1652,452, ,},{ °£¶û·ÆÀòË¿ ÈüÀö°¬À­ ÀòÀò Ì«¹«Íû},Ì«¹«Íû
5248802812350107000,cb::admg,10750201 ,[,0,0,0,4,0,],->203060509:[1|0.0.255.0],<700001>,<0>,dmg: ,478, ,0: 20 60 40 10,(,41.57,):,[,4638,2609,673,339, ,],{,2694,3300,1639,452, ,},{ °£¶û·ÆÀòË¿ ÈüÀö°¬À­ ÀòÀò Ì«¹«Íû},ÀòÀò
5248802812350113000,cb::admg,10750201 ,[,0,0,0,4,0,],->203060509:[1|0.0.255.0],<700001>,<0>,dmg: ,493, ,0: 20 60 40 10,(,41.57,):,[,4638,2609,772,339, ,],{,2694,3300,1651,452, ,},{ °£¶û·ÆÀòË¿ ÈüÀö°¬À­ ÀòÀò Ì«¹«Íû},ÀòÀò
5248802812350120000,cb::admg,10850201 ,[,0,0,0,1,0,],->203060509:[1|0.0.255.0],<800002>,<0>,dmg: ,408, ,0: 20 60 40 10,(,41.57,):,[,4638,2609,772,421, ,],{,2694,3300,1651,459, ,},{ °£¶û·ÆÀòË¿ ÈüÀö°¬À­ ÀòÀò Ì«¹«Íû},Ì«¹«Íû
5248802812353062000,cb::admg,10750201 ,[,0,0,0,4,0,],->203060509:[1|0.0.255.0],<700002>,<0>,dmg: ,336, ,0: 20 60 40 10,(,41.86,):,[,4638,2609,839,421, ,],{,2694,3300,1647,459, ,},{ °£¶û·ÆÀòË¿ ÈüÀö°¬À­ ÀòÀò Ì«¹«Íû},ÀòÀò
5248802812353069000,cb::admg,10750201 ,[,0,0,0,4,0,],->203060509:[1|0.0.255.0],<700002>,<0>,dmg: ,327, ,0: 20 60 40 10,(,41.86,):,[,4638,2609,905,421, ,],{,2694,3300,1655,459, ,},{ °£¶û·ÆÀòË¿ ÈüÀö°¬À­ ÀòÀò Ì«¹«Íû},ÀòÀò
5248802812354214000,cb::admg,10750201 ,[,0,0,0,4,0,],->203060509:[1|0.0.255.0],<700002>,<0>,dmg: ,347, ,0: 20 60 40 10,(,41.98,):,[,4638,2609,974,421, ,],{,2694,3300,1659,459, ,},{ °£¶û·ÆÀòË¿ ÈüÀö°¬À­ ÀòÀò Ì«¹«Íû},ÀòÀò
5248802812355711000,cb::admg,10850201 ,[,0,0,0,1,0,],->203060509:[1|0.0.255.0],<800003>,<0>,dmg: ,1302, ,0: 20 60 40 10,(,42.13,):,[,4638,2609,974,681, ,],{,2694,3300,1659,483, ,},{ °£¶û·ÆÀòË¿ ÈüÀö°¬À­ ÀòÀò Ì«¹«Íû},Ì«¹«Íû
5248802812358202000,cb::admg,10540201 ,[,0,0,0,2,0,],->203060509:[1|0.0.255.0],<500000>,<0>,dmg: ,1228, ,0: 20 60 40 10,(,42.38,):,[,4010,2609,974,681, ,],{,2618,3300,1659,483, ,},{ °£¶û·ÆÀòË¿ ÈüÀö°¬À­ ÀòÀò Ì«¹«Íû},°£¶û·ÆÀòË¿
5248802812361361000,cb::admg,10750201 ,[,0,0,0,4,0,],->203060509:[1|0.0.255.0],<700003>,<0>,dmg: ,716, ,0: 20 60 40 10,(,42.69,):,[,4010,2609,1117,681, ,],{,2618,3300,1648,483, ,},{ °£¶û·ÆÀòË¿ ÈüÀö°¬À­ ÀòÀò Ì«¹«Íû},ÀòÀò
5248802812361368000,cb::admg,10750201 ,[,0,0,0,4,0,],->203060509:[1|0.0.255.0],<700003>,<0>,critdmg: ,1299, ,0: 20 60 40 10,(,42.69,):,[,4010,2609,1377,681, ,],{,2618,3300,1678,483, ,},{ °£¶û·ÆÀòË¿ ÈüÀö°¬À­ ÀòÀò Ì«¹«Íû},ÀòÀò
5248802812363015000,cb::admg,10540201 ,[,0,0,0,2,0,],->203060509:[1|0.0.255.0],<500001>,<0>,dmg: ,613, ,0: 20 60 40 10,(,42.86,):,[,3822,2609,1377,681, ,],{,2603,3300,1678,483, ,},{ °£¶û·ÆÀòË¿ ÈüÀö°¬À­ ÀòÀò Ì«¹«Íû},°£¶û·ÆÀòË¿
5248802812364021000,cb::admg,10540201 ,[,0,0,0,2,0,],->203060509:[1|0.0.255.0],<500001>,<0>,dmg: ,648, ,0: 20 60 40 10,(,42.96,):,[,3951,2609,1377,681, ,],{,2612,3300,1678,483, ,},{ °£¶û·ÆÀòË¿ ÈüÀö°¬À­ ÀòÀò Ì«¹«Íû},°£¶û·ÆÀòË¿
5248802812370967000,cb::admg,10540201 ,[,0,0,0,2,0,],->203060509:[1|0.0.255.0],<500002>,<0>,dmg: ,1484, ,0: 20 60 40 10,(,43.65,):,[,4248,2609,1377,681, ,],{,2604,3300,1678,483, ,},{ °£¶û·ÆÀòË¿ ÈüÀö°¬À­ ÀòÀò Ì«¹«Íû},°£¶û·ÆÀòË¿
5248802812370976000,cb::admg,10750201 ,[,0,0,0,4,0,],->203060509:[1|0.0.255.0],<700004>,<0>,dmg: ,597, ,0: 20 60 40 10,(,43.65,):,[,4248,2609,1110,681, ,],{,2604,3300,1655,483, ,},{ °£¶û·ÆÀòË¿ ÈüÀö°¬À­ ÀòÀò Ì«¹«Íû},ÀòÀò
5248802812372170000,cb::admg,10750201 ,[,0,0,0,4,0,],->203060509:[1|0.0.255.0],<700004>,<0>,dmg: ,325, ,0: 20 60 40 10,(,43.77,):,[,4248,2609,1175,681, ,],{,2604,3300,1658,483, ,},{ °£¶û·ÆÀòË¿ ÈüÀö°¬À­ ÀòÀò Ì«¹«Íû},ÀòÀò
5248802812372182000,cb::admg,10750201 ,[,0,0,0,4,0,],->203060509:[1|0.0.255.0],<700004>,<0>,dmg: ,322, ,0: 20 60 40 10,(,43.77,):,[,4248,2609,1239,681, ,],{,2604,3300,1665,483, ,},{ °£¶û·ÆÀòË¿ ÈüÀö°¬À­ ÀòÀò Ì«¹«Íû},ÀòÀò
5248802812373479000,cb::admg,10750201 ,[,0,0,0,4,0,],->203060509:[1|0.0.255.0],<700004>,<0>,dmg: ,331, ,0: 20 60 40 10,(,43.90,):,[,4248,2609,1305,681, ,],{,2604,3300,1668,483, ,},{ °£¶û·ÆÀòË¿ ÈüÀö°¬À­ ÀòÀò Ì«¹«Íû},ÀòÀò
5248802812373488000,cb::admg,10750201 ,[,0,0,0,4,0,],->203060509:[1|0.0.255.0],<700004>,<0>,dmg: ,336, ,0: 20 60 40 10,(,43.90,):,[,4248,2609,1372,681, ,],{,2604,3300,1676,483, ,},{ °£¶û·ÆÀòË¿ ÈüÀö°¬À­ ÀòÀò Ì«¹«Íû},ÀòÀò
5248802812373789000,cb::admg,10150202 ,[,0,0,0,6,0,],->203060509:[1|0.0.255.0],<191130>,<101502021>,dmg: ,7535, ,0: 20 60 40 10,(,43.93,):,[,4248,1994,1372,681, ,],{,2604,3135,1676,483, ,},{ °£¶û·ÆÀòË¿ ÈüÀö°¬À­ ÀòÀò Ì«¹«Íû},ÈüÀö°¬À­ Ð×ÃÍ¡¤öèÓãµ¯£¡
5248802812374799000,cb::admg,10150202 ,[,0,0,0,6,0,],->203060509:[1|0.0.255.0],<191130>,<101502021>,dmg: ,7165, ,0: 20 60 40 10,(,44.04,):,[,4248,3427,1372,681, ,],{,2604,3291,1676,483, ,},{ °£¶û·ÆÀòË¿ ÈüÀö°¬À­ ÀòÀò Ì«¹«Íû},ÈüÀö°¬À­ Ð×ÃÍ¡¤öèÓãµ¯£¡
5248802812374825000,cb::admg,10150202 ,[,0,0,0,6,0,],->203060509:[1|0.0.255.0],<191130>,<101502021>,dmg: ,4176, ,0: 20 60 40 10,(,44.04,):,[,4248,4262,1372,681, ,],{,2604,3386,1676,483, ,},{ °£¶û·ÆÀòË¿ ÈüÀö°¬À­ ÀòÀò Ì«¹«Íû},ÈüÀö°¬À­ Ð×ÃÍ¡¤öèÓãµ¯£¡
5248802812374847000,cb::admg,10150202 ,[,0,0,0,6,0,],->203060509:[1|0.0.255.0],<191130>,<101502021>,dmg: ,4189, ,0: 20 60 40 10,(,44.04,):,[,4248,5100,1372,681, ,],{,2604,3481,1676,483, ,},{ °£¶û·ÆÀòË¿ ÈüÀö°¬À­ ÀòÀò Ì«¹«Íû},ÈüÀö°¬À­ Ð×ÃÍ¡¤öèÓãµ¯£¡
5248802812376786000,cb::admg,10540201 ,[,0,0,0,2,0,],->203060509:[1|0.0.255.0],<500003>,<0>,dmg: ,2197, ,0: 20 60 40 10,(,44.23,):,[,1465,5100,1372,681, ,],{,2620,3481,1676,483, ,},{ °£¶û·ÆÀòË¿ ÈüÀö°¬À­ ÀòÀò Ì«¹«Íû},°£¶û·ÆÀòË¿
5248802812378111000,cb::admg,10850201 ,[,0,0,0,1,0,],->203060509:[1|0.0.255.0],<800000>,<0>,dmg: ,609, ,0: 20 60 40 10,(,44.37,):,[,1465,5100,1372,803, ,],{,2620,3481,1676,473, ,},{ °£¶û·ÆÀòË¿ ÈüÀö°¬À­ ÀòÀò Ì«¹«Íû},Ì«¹«Íû
5248802812382577000,cb::admg,10150202 ,[,0,0,0,6,0,],->203060509:[1|0.0.255.0],<100000>,<0>,dmg: ,1241, ,0: 20 60 40 10,(,44.81,):,[,1465,4861,1372,803, ,],{,2620,3448,1676,473, ,},{ °£¶û·ÆÀòË¿ ÈüÀö°¬À­ ÀòÀò Ì«¹«Íû},ÈüÀö°¬À­
5248802812383569000,cb::admg,10850201 ,[,0,0,0,1,0,],->203060509:[1|0.0.255.0],<800001>,<0>,dmg: ,730, ,0: 20 60 40 10,(,44.91,):,[,1465,4861,1372,949, ,],{,2620,3448,1676,483, ,},{ °£¶û·ÆÀòË¿ ÈüÀö°¬À­ ÀòÀò Ì«¹«Íû},Ì«¹«Íû
5248802812383574000,cb::admg,10540201 ,[,0,0,0,2,0,],->203060509:[1|0.0.255.0],<500004>,<0>,dmg: ,1556, ,0: 20 60 40 10,(,44.91,):,[,1776,4861,1372,949, ,],{,2615,3448,1676,483, ,},{ °£¶û·ÆÀòË¿ ÈüÀö°¬À­ ÀòÀò Ì«¹«Íû},°£¶û·ÆÀòË¿
5248802812386747000,cb::admg,10850201 ,[,0,0,0,1,0,],->203060509:[1|0.0.255.0],<800002>,<0>,dmg: ,394, ,0: 20 60 40 10,(,45.23,):,[,1776,4861,1372,1028, ,],{,2615,3448,1676,489, ,},{ °£¶û·ÆÀòË¿ ÈüÀö°¬À­ ÀòÀò Ì«¹«Íû},Ì«¹«Íû
5248802812387064000,cb::admg,10150202 ,[,0,0,0,6,0,],->203060509:[1|0.0.255.0],<100001>,<0>,dmg: ,1257, ,0: 20 60 40 10,(,45.26,):,[,1776,5112,1372,1028, ,],{,2615,3442,1676,489, ,},{ °£¶û·ÆÀòË¿ ÈüÀö°¬À­ ÀòÀò Ì«¹«Íû},ÈüÀö°¬À­
5248802812389873000,cb::admg,10850201 ,[,0,0,0,1,0,],->203060509:[1|0.0.255.0],<800002>,<0>,dmg: ,398, ,0: 20 60 40 10,(,45.54,):,[,1776,5112,1372,990, ,],{,2615,3442,1676,494, ,},{ °£¶û·ÆÀòË¿ ÈüÀö°¬À­ ÀòÀò Ì«¹«Íû},Ì«¹«Íû
5248802812390705000,cb::admg,10540201 ,[,0,0,0,2,0,],->10540201:[0|0.0.2.0],<12006>,<105402011>,dmg: ,0, ,0: 10 2550 20 60,(,45.63,):,[,-239,0,0,0, ,],{,-82,664,0,0, ,},{ Ì«¹«Íû  °£¶û·ÆÀòË¿ ÈüÀö°¬À­},°£¶û·ÆÀòË¿ °£¶û·ÆÀòË¿ ÓÂ¸ÒÖ®Á¦
5248802812390709000,cb::admg,10540201 ,[,0,0,0,2,0,],->10850201:[0|0.0.1.0],<12006>,<105402011>,dmg: ,0, ,0: 10 2550 20 60,(,45.63,):,[,-245,0,0,0, ,],{,-82,517,0,0, ,},{ Ì«¹«Íû  °£¶û·ÆÀòË¿ ÈüÀö°¬À­},°£¶û·ÆÀòË¿ Ì«¹«Íû ÓÂ¸ÒÖ®Á¦
5248802812390728000,cb::admg,10150202 ,[,0,0,0,6,0,],->203060509:[1|0.0.255.0],<100002>,<0>,dmg: ,1444, ,0: 20 60 40 10,(,45.63,):,[,1776,5401,1372,990, ,],{,2615,3446,1676,494, ,},{ °£¶û·ÆÀòË¿ ÈüÀö°¬À­ ÀòÀò Ì«¹«Íû},ÈüÀö°¬À­
5248802812391694000,cb::admg,10540201 ,[,0,0,0,2,0,],->10750201:[0|0.0.4.0],<12006>,<105402011>,dmg: ,0, ,0: 10 2550 20 60,(,45.72,):,[,-233,37,0,0, ,],{,-80,75,0,0, ,},{ Ì«¹«Íû  °£¶û·ÆÀòË¿ ÈüÀö°¬À­},°£¶û·ÆÀòË¿ ÀòÀò ÓÂ¸ÒÖ®Á¦
5248802812391700000,cb::admg,10540201 ,[,0,0,0,2,0,],->10150202:[0|0.0.6.0],<12006>,<105402011>,dmg: ,0, ,0: 10 2550 20 60,(,45.73,):,[,-236,41,0,0, ,],{,-80,84,0,0, ,},{ Ì«¹«Íû  °£¶û·ÆÀòË¿ ÈüÀö°¬À­},°£¶û·ÆÀòË¿ ÈüÀö°¬À­ ÓÂ¸ÒÖ®Á¦
5248802812395377000,cb::admg,203060509 ,[,1,0,0,255,0,],->10750201:[0|0.0.4.0],<300210231>,<0>,dmg: ,6661, ,0: 10 2550 20 60,(,46.09,):,[,-233,1332,0,0, ,],{,-80,203,0,0, ,},{ Ì«¹«Íû  °£¶û·ÆÀòË¿ ÈüÀö°¬À­}, ÀòÀò
5248802812395866000,cb::admg,10150202 ,[,0,0,0,6,0,],->203060509:[1|0.0.255.0],<100005>,<0>,dmg: ,4803, ,0: 20 60 40 10,(,46.14,):,[,1776,6362,1372,990, ,],{,2615,3512,1676,494, ,},{ °£¶û·ÆÀòË¿ ÈüÀö°¬À­ ÀòÀò Ì«¹«Íû},ÈüÀö°¬À­
5248802812396513000,cb::admg,10850201 ,[,0,0,0,1,0,],->203060509:[1|0.0.255.0],<800003>,<0>,dmg: ,1582, ,0: 20 60 40 10,(,46.21,):,[,1776,6362,1372,1161, ,],{,2615,3512,1676,521, ,},{ °£¶û·ÆÀòË¿ ÈüÀö°¬À­ ÀòÀò Ì«¹«Íû},Ì«¹«Íû
5248802812399803000,cb::admg,10750201 ,[,0,0,0,4,0,],->203060509:[1|0.0.255.0],<700005>,<0>,dmg: ,1025, ,0: 20 60 40 10,(,46.54,):,[,1776,6362,1386,1161, ,],{,2615,3512,1603,521, ,},{ °£¶û·ÆÀòË¿ ÈüÀö°¬À­ ÀòÀò Ì«¹«Íû},ÀòÀò
5248802812399809000,cb::admg,10750201 ,[,0,0,0,4,0,],->203060509:[1|0.0.255.0],<700005>,<0>,dmg: ,1002, ,0: 20 60 40 10,(,46.54,):,[,1776,6362,1586,1161, ,],{,2615,3512,1624,521, ,},{ °£¶û·ÆÀòË¿ ÈüÀö°¬À­ ÀòÀò Ì«¹«Íû},ÀòÀò
5248802812401486000,cb::admg,10150202 ,[,0,0,0,6,0,],->203060509:[1|0.0.255.0],<100000>,<0>,dmg: ,2420, ,0: 20 60 40 10,(,46.70,):,[,1776,6846,1586,1161, ,],{,2615,3521,1624,521, ,},{ °£¶û·ÆÀòË¿ ÈüÀö°¬À­ ÀòÀò Ì«¹«Íû},ÈüÀö°¬À­
5248802812402812000,cb::admg,10540201 ,[,0,0,0,2,0,],->203060509:[1|0.0.255.0],<500000>,<0>,critdmg: ,2383, ,0: 20 60 40 10,(,46.84,):,[,2021,6846,1586,1161, ,],{,2558,3521,1624,521, ,},{ °£¶û·ÆÀòË¿ ÈüÀö°¬À­ ÀòÀò Ì«¹«Íû},°£¶û·ÆÀòË¿
5248802812406130000,cb::admg,10850201 ,[,0,0,0,1,0,],->203060509:[1|0.0.255.0],<800004>,<0>,dmg: ,2019, ,0: 20 60 40 10,(,47.17,):,[,2021,6846,1586,1146, ,],{,2558,3521,1624,553, ,},{ °£¶û·ÆÀòË¿ ÈüÀö°¬À­ ÀòÀò Ì«¹«Íû},Ì«¹«Íû
5248802812410137000,cb::admg,10150202 ,[,0,0,0,6,0,],->203060509:[1|0.0.255.0],<100005>,<0>,dmg: ,2880, ,0: 20 60 40 10,(,47.57,):,[,2021,7422,1586,1146, ,],{,2558,3518,1624,553, ,},{ °£¶û·ÆÀòË¿ ÈüÀö°¬À­ ÀòÀò Ì«¹«Íû},ÈüÀö°¬À­
5248802812419378000,cb::admg,10850201 ,[,0,0,0,1,0,],->203060509:[1|0.0.255.0],<800000>,<0>,dmg: ,731, ,0: 20 60 40 10,(,48.49,):,[,2021,7422,1586,1292, ,],{,2558,3518,1624,553, ,},{ °£¶û·ÆÀòË¿ ÈüÀö°¬À­ ÀòÀò Ì«¹«Íû},Ì«¹«Íû
5248802812423362000,cb::admg,10540201 ,[,0,0,0,2,0,],->203060509:[1|0.0.255.0],<500000>,<0>,dmg: ,1355, ,0: 20 60 40 10,(,48.89,):,[,1498,7422,1586,1292, ,],{,2478,3518,1624,553, ,},{ °£¶û·ÆÀòË¿ ÈüÀö°¬À­ ÀòÀò Ì«¹«Íû},°£¶û·ÆÀòË¿
5248802812423367000,cb::admg,10850201 ,[,0,0,0,1,0,],->203060509:[1|0.0.255.0],<800001>,<0>,dmg: ,785, ,0: 20 60 40 10,(,48.89,):,[,1498,7422,1586,1449, ,],{,2478,3518,1624,565, ,},{ °£¶û·ÆÀòË¿ ÈüÀö°¬À­ ÀòÀò Ì«¹«Íû},Ì«¹«Íû
5248802812425834000,cb::admg,203060509 ,[,1,0,0,255,0,],->10850201:[0|0.0.1.0],<300210931>,<0>,dmg: ,171, ,0: 10 2550 20 60,(,49.14,):,[,-245,34,0,0, ,],{,-82,49,0,0, ,},{ Ì«¹«Íû  °£¶û·ÆÀòË¿ ÈüÀö°¬À­}, Ì«¹«Íû ÔÉÂäÈÛÑÒ
5248802812427855000,cb::admg,10540201 ,[,0,0,0,2,0,],->203060509:[1|0.0.255.0],<500001>,<0>,dmg: ,611, ,0: 20 60 40 10,(,49.34,):,[,1181,7422,1586,1449, ,],{,2468,3518,1624,565, ,},{ °£¶û·ÆÀòË¿ ÈüÀö°¬À­ ÀòÀò Ì«¹«Íû},°£¶û·ÆÀòË¿
5248802812429124000,cb::admg,10540201 ,[,0,0,0,2,0,],->203060509:[1|0.0.255.0],<500001>,<0>,dmg: ,660, ,0: 20 60 40 10,(,49.47,):,[,1313,7422,1586,1449, ,],{,2475,3518,1624,565, ,},{ °£¶û·ÆÀòË¿ ÈüÀö°¬À­ ÀòÀò Ì«¹«Íû},°£¶û·ÆÀòË¿
5248802812435802000,cb::admg,10540201 ,[,0,0,0,2,0,],->203060509:[1|0.0.255.0],<500002>,<0>,dmg: ,1561, ,0: 20 60 40 10,(,50.14,):,[,1314,7422,1586,1449, ,],{,2473,3518,1624,565, ,},{ °£¶û·ÆÀòË¿ ÈüÀö°¬À­ ÀòÀò Ì«¹«Íû},°£¶û·ÆÀòË¿
