timestamp,self/other,cid,[,ctype,didx,dposition,multiplay_id,multiplay_index,],dst,<actionid>,<skillid>,iscrit,dmg,who,:,time,:,dps5248802848058530000,cb::admg,10450202 ,[,0,0,0,-1,-1,],->10450202:[0|0.0.-1.-1],<491110>,<104502021>,dmg: ,0, ,0: 00,(,2.80,):,[,0, , , , ,],{,0, , , , ,},{ 埃尔菲莉丝},埃尔菲莉丝 埃尔菲莉丝 神圣决断
5248802848058538000,cb::admg,10450202 ,[,0,0,0,-1,-1,],->10150201:[0|0.1.-1.-1],<491110>,<104502021>,dmg: ,0, ,0: 00,(,2.80,):,[,0, , , , ,],{,0, , , , ,},{ 埃尔菲莉丝},埃尔菲莉丝 阿莱克西斯 神圣决断
5248802848058547000,cb::admg,10450202 ,[,0,0,0,-1,-1,],->10840202:[0|0.2.-1.-1],<491110>,<104502021>,dmg: ,0, ,0: 00,(,2.80,):,[,0, , , , ,],{,0, , , , ,},{ 埃尔菲莉丝},埃尔菲莉丝 艾露 神圣决断
5248802848058554000,cb::admg,10450202 ,[,0,0,0,-1,-1,],->10650201:[0|0.3.-1.-1],<491110>,<104502021>,dmg: ,0, ,0: 00,(,2.80,):,[,0, , , , ,],{,0, , , , ,},{ 埃尔菲莉丝},埃尔菲莉丝 拉拉诺亚 神圣决断
5248802848064167000,cb::admg,10650201 ,[,0,0,3,-1,-1,],->218010412:[1|0.0.255.0],<600000>,<0>,dmg: ,258, ,0: 03,(,3.36,):,[,0, , , , ,],{,76, , , , ,},{ 拉拉诺亚},拉拉诺亚
5248802848069609000,cb::admg,10150201 ,[,0,0,1,-1,-1,],->218010412:[1|0.0.255.0],<100000>,<0>,dmg: ,797, ,0: 03 01,(,3.91,):,[,0,0, , , ,],{,76,204, , , ,},{ 拉拉诺亚 阿莱克西斯},阿莱克西斯
5248802848070206000,cb::admg,10450202 ,[,0,0,0,-1,-1,],->10450202:[0|0.0.-1.-1],<491120>,<104502022>,dmg: ,0, ,0: 00,(,3.97,):,[,0, , , , ,],{,0, , , , ,},{ 埃尔菲莉丝},埃尔菲莉丝 埃尔菲莉丝 圣天神使
5248802848070216000,cb::admg,10450202 ,[,0,0,0,-1,-1,],->10150201:[0|0.1.-1.-1],<491120>,<104502022>,dmg: ,0, ,0: 00,(,3.97,):,[,0, , , , ,],{,0, , , , ,},{ 埃尔菲莉丝},埃尔菲莉丝 阿莱克西斯 圣天神使
5248802848070224000,cb::admg,10450202 ,[,0,0,0,-1,-1,],->10840202:[0|0.2.-1.-1],<491120>,<104502022>,dmg: ,0, ,0: 00,(,3.97,):,[,0, , , , ,],{,0, , , , ,},{ 埃尔菲莉丝},埃尔菲莉丝 艾露 圣天神使
5248802848070231000,cb::admg,10450202 ,[,0,0,0,-1,-1,],->10650201:[0|0.3.-1.-1],<491120>,<104502022>,dmg: ,0, ,0: 00,(,3.97,):,[,0, , , , ,],{,0, , , , ,},{ 埃尔菲莉丝},埃尔菲莉丝 拉拉诺亚 圣天神使
5248802848070239000,cb::admg,10450202 ,[,0,0,0,-1,-1,],->10450202:[0|0.0.-1.-1],<491120>,<104502022>,dmg: ,0, ,0: 00,(,3.97,):,[,0, , , , ,],{,0, , , , ,},{ 埃尔菲莉丝},埃尔菲莉丝 埃尔菲莉丝 圣天神使
5248802848070247000,cb::admg,10450202 ,[,0,0,0,-1,-1,],->10450202:[0|0.0.-1.-1],<491120>,<104502022>,dmg: ,0, ,0: 00,(,3.97,):,[,0, , , , ,],{,0, , , , ,},{ 埃尔菲莉丝},埃尔菲莉丝 埃尔菲莉丝 圣天神使
5248802848070259000,cb::admg,10450202 ,[,0,0,0,-1,-1,],->10150201:[0|0.1.-1.-1],<491120>,<104502022>,dmg: ,0, ,0: 00,(,3.97,):,[,0, , , , ,],{,0, , , , ,},{ 埃尔菲莉丝},埃尔菲莉丝 阿莱克西斯 圣天神使
5248802848070269000,cb::admg,10450202 ,[,0,0,0,-1,-1,],->10840202:[0|0.2.-1.-1],<491120>,<104502022>,dmg: ,0, ,0: 00,(,3.97,):,[,0, , , , ,],{,0, , , , ,},{ 埃尔菲莉丝},埃尔菲莉丝 艾露 圣天神使
5248802848070278000,cb::admg,10450202 ,[,0,0,0,-1,-1,],->10650201:[0|0.3.-1.-1],<491120>,<104502022>,dmg: ,0, ,0: 00,(,3.97,):,[,0, , , , ,],{,0, , , , ,},{ 埃尔菲莉丝},埃尔菲莉丝 拉拉诺亚 圣天神使
5248802848070675000,cb::admg,10450202 ,[,0,0,0,-1,-1,],->218010412:[1|0.0.255.1],<491120>,<104502022>,dmg: ,2894, ,0: 00,(,4.01,):,[,0, , , , ,],{,721, , , , ,},{ 埃尔菲莉丝},埃尔菲莉丝 圣天神使
5248802848071020000,cb::admg,10450202 ,[,0,0,0,-1,-1,],->218010412:[1|0.0.255.0],<491120>,<104502022>,dmg: ,2764, ,0: 03 01 00,(,4.05,):,[,0,0,0, , ,],{,76,204,683, , ,},{ 拉拉诺亚 阿莱克西斯 埃尔菲莉丝},埃尔菲莉丝 圣天神使
5248802848071987000,cb::admg,10150201 ,[,0,0,1,-1,-1,],->218010412:[1|0.0.255.0],<100001>,<0>,dmg: ,902, ,0: 03 01 00,(,4.14,):,[,0,0,0, , ,],{,76,410,683, , ,},{ 拉拉诺亚 阿莱克西斯 埃尔菲莉丝},阿莱克西斯
5248802848073144000,cb::admg,10840202 ,[,0,0,2,-1,-1,],->218010411:[1|0.0.255.3],<800002>,<0>,dmg: ,222, ,0: 02,(,4.26,):,[,0, , , , ,],{,52, , , , ,},{ 艾露},艾露
5248802848073333000,cb::admg,10650201 ,[,0,0,3,-1,-1,],->218010411:[1|0.0.255.3],<600003>,<0>,dmg: ,550, ,0: 02 03,(,4.28,):,[,0,0, , , ,],{,52,128, , , ,},{ 艾露 拉拉诺亚},拉拉诺亚
5248802848073979000,cb::admg,10650201 ,[,0,0,3,-1,-1,],->218010411:[1|0.0.255.3],<600003>,<0>,dmg: ,574, ,0: 02 03,(,4.34,):,[,0,0, , , ,],{,52,258, , , ,},{ 艾露 拉拉诺亚},拉拉诺亚
5248802848081031000,cb::admg,10150201 ,[,0,0,1,-1,-1,],->218010411:[1|0.0.255.4],<100001>,<0>,dmg: ,903, ,0: 01,(,5.05,):,[,180, , , , ,],{,178, , , , ,},{ 阿莱克西斯},阿莱克西斯
5248802848083085000,cb::admg,10150201 ,[,0,0,1,-1,-1,],->218010411:[1|0.0.255.4],<100002>,<0>,dmg: ,1038, ,0: 01,(,5.25,):,[,388, , , , ,],{,369, , , , ,},{ 阿莱克西斯},阿莱克西斯
5248802848092642000,cb::admg,218010413 ,[,1,0,0,255,2,],->10450202:[0|0.0.-1.-1],<100610001>,<0>,dmg: ,0, ,0: 00 2550,(,6.21,):,[,0,0, , , ,],{,0,0, , , ,},{ 埃尔菲莉丝 }, 埃尔菲莉丝
5248802848095934000,cb::admg,10450202 ,[,0,0,0,-1,-1,],->218010413:[1|0.0.255.2],<400000>,<0>,dmg: ,804, ,0: 00,(,6.54,):,[,160, , , , ,],{,122, , , , ,},{ 埃尔菲莉丝},埃尔菲莉丝
5248802848097146000,cb::admg,10650201 ,[,0,0,3,-1,-1,],->218010413:[1|0.0.255.2],<600000>,<0>,dmg: ,264, ,0: 00 03,(,6.66,):,[,160,52, , , ,],{,122,39, , , ,},{ 埃尔菲莉丝 拉拉诺亚},拉拉诺亚
5248802848097155000,cb::admg,10650201 ,[,0,0,3,-1,-1,],->218010413:[1|0.0.255.2],<600000>,<0>,dmg: ,253, ,0: 00 03,(,6.66,):,[,160,103, , , ,],{,122,77, , , ,},{ 埃尔菲莉丝 拉拉诺亚},拉拉诺亚
5248802848097422000,cb::admg,10650201 ,[,0,0,3,-1,-1,],->218010413:[1|0.0.255.2],<600000>,<0>,dmg: ,247, ,0: 00 03,(,6.69,):,[,160,152, , , ,],{,122,114, , , ,},{ 埃尔菲莉丝 拉拉诺亚},拉拉诺亚
5248802848098462000,cb::admg,10150201 ,[,0,0,1,-1,-1,],->218010413:[1|0.0.255.2],<100000>,<0>,dmg: ,788, ,0: 00 03 01,(,6.79,):,[,160,152,157, , ,],{,122,114,116, , ,},{ 埃尔菲莉丝 拉拉诺亚 阿莱克西斯},阿莱克西斯
5248802848145101000,cb::admg,10450202 ,[,0,0,0,-1,-1,],->218010414:[1|0.0.255.5],<400000>,<0>,dmg: ,1080, ,0: 00,(,11.45,):,[,216, , , , ,],{,94, , , , ,},{ 埃尔菲莉丝},埃尔菲莉丝
5248802848146862000,cb::admg,10650201 ,[,0,0,3,-1,-1,],->218010414:[1|0.0.255.5],<600000>,<0>,dmg: ,324, ,0: 00 03,(,11.63,):,[,216,64, , , ,],{,94,27, , , ,},{ 埃尔菲莉丝 拉拉诺亚},拉拉诺亚
5248802848146872000,cb::admg,10650201 ,[,0,0,3,-1,-1,],->218010414:[1|0.0.255.5],<600000>,<0>,dmg: ,324, ,0: 00 03,(,11.63,):,[,216,129, , , ,],{,94,55, , , ,},{ 埃尔菲莉丝 拉拉诺亚},拉拉诺亚
5248802848146880000,cb::admg,10650201 ,[,0,0,3,-1,-1,],->218010414:[1|0.0.255.5],<600000>,<0>,dmg: ,191, ,0: 00 03,(,11.63,):,[,216,167, , , ,],{,94,72, , , ,},{ 埃尔菲莉丝 拉拉诺亚},拉拉诺亚
5248802848147297000,cb::admg,218010414 ,[,1,0,0,255,5,],->10450202:[0|0.0.-1.-1],<102010001>,<0>,dmg: ,113, ,0: 00 2550,(,11.67,):,[,0,22, , , ,],{,0,9, , , ,},{ 埃尔菲莉丝 }, 埃尔菲莉丝
5248802848147534000,cb::admg,10650201 ,[,0,0,3,-1,-1,],->218010412:[1|0.0.255.7],<600000>,<0>,dmg: ,209, ,0: 03,(,11.70,):,[,41, , , , ,],{,17, , , , ,},{ 拉拉诺亚},拉拉诺亚
5248802848148959000,cb::admg,10450202 ,[,0,0,0,-1,-1,],->218010414:[1|0.0.255.5],<400001>,<0>,dmg: ,694, ,0: 00 03,(,11.84,):,[,354,167, , , ,],{,149,72, , , ,},{ 埃尔菲莉丝 拉拉诺亚},埃尔菲莉丝
5248802848148993000,cb::admg,10650201 ,[,0,0,3,-1,-1,],->218010414:[1|0.0.255.5],<600001>,<0>,dmg: ,255, ,0: 00 03,(,11.84,):,[,354,218, , , ,],{,149,92, , , ,},{ 埃尔菲莉丝 拉拉诺亚},拉拉诺亚
5248802848150080000,cb::admg,10650201 ,[,0,0,3,-1,-1,],->218010414:[1|0.0.255.5],<600001>,<0>,dmg: ,267, ,0: 00 03,(,11.95,):,[,354,272, , , ,],{,149,113, , , ,},{ 埃尔菲莉丝 拉拉诺亚},拉拉诺亚
5248802848151767000,cb::admg,10840202 ,[,0,0,2,-1,-1,],->218010414:[1|0.0.255.5],<800000>,<0>,dmg: ,256, ,0: 00 03 02,(,12.12,):,[,354,272,51, , ,],{,149,113,21, , ,},{ 埃尔菲莉丝 拉拉诺亚 艾露},艾露
5248802848153496000,cb::admg,10650201 ,[,0,0,3,-1,-1,],->218010412:[1|0.0.255.7],<600002>,<0>,dmg: ,468, ,0: 03,(,12.29,):,[,135, , , , ,],{,55, , , , ,},{ 拉拉诺亚},拉拉诺亚
5248802848153992000,cb::admg,10450202 ,[,0,0,0,-1,-1,],->218010412:[1|0.0.255.6],<400002>,<0>,dmg: ,1098, ,0: 00,(,12.34,):,[,219, , , , ,],{,88, , , , ,},{ 埃尔菲莉丝},埃尔菲莉丝
5248802848154011000,cb::admg,10450202 ,[,0,0,0,-1,-1,],->218010412:[1|0.0.255.7],<400002>,<0>,dmg: ,1159, ,0: 03 00,(,12.35,):,[,135,231, , , ,],{,55,93, , , ,},{ 拉拉诺亚 埃尔菲莉丝},埃尔菲莉丝
5248802848154184000,cb::admg,218010412 ,[,1,0,0,255,6,],->10450202:[0|0.0.-1.-1],<102310001>,<0>,dmg: ,73, ,0: 00 2550,(,12.36,):,[,0,37, , , ,],{,0,15, , , ,},{ 埃尔菲莉丝 }, 埃尔菲莉丝
5248802848154386000,cb::admg,218010412 ,[,1,0,0,255,6,],->10450202:[0|0.0.-1.-1],<102310001>,<0>,dmg: ,69, ,0: 00 2550,(,12.38,):,[,0,51, , , ,],{,0,20, , , ,},{ 埃尔菲莉丝 }, 埃尔菲莉丝
5248802848154763000,cb::admg,218010412 ,[,1,0,0,255,7,],->10450202:[0|0.0.-1.-1],<102310001>,<0>,dmg: ,69, ,0: 00 2550,(,12.42,):,[,0,64, , , ,],{,0,26, , , ,},{ 埃尔菲莉丝 }, 埃尔菲莉丝
5248802848158087000,cb::admg,10450202 ,[,0,0,0,-1,-1,],->218010412:[1|0.0.255.6],<400003>,<0>,dmg: ,1197, ,0: 00,(,12.75,):,[,459, , , , ,],{,179, , , , ,},{ 埃尔菲莉丝},埃尔菲莉丝
5248802848158821000,cb::admg,10150201 ,[,0,0,1,-1,-1,],->218010412:[1|0.0.255.7],<100000>,<0>,dmg: ,618, ,0: 03 00 01,(,12.83,):,[,135,231,123, , ,],{,55,93,48, , ,},{ 拉拉诺亚 埃尔菲莉丝 阿莱克西斯},阿莱克西斯
5248802848194517000,cb::admg,10450202 ,[,0,0,0,-1,-1,],->218010412:[1|0.0.255.8],<400000>,<0>,dmg: ,644, ,0: 00,(,16.40,):,[,128, , , , ,],{,39, , , , ,},{ 埃尔菲莉丝},埃尔菲莉丝
5248802848198522000,cb::admg,10450202 ,[,0,0,0,-1,-1,],->218010412:[1|0.0.255.8],<400001>,<0>,dmg: ,681, ,0: 00,(,16.80,):,[,265, , , , ,],{,78, , , , ,},{ 埃尔菲莉丝},埃尔菲莉丝
5248802848199152000,cb::admg,218010413 ,[,1,0,0,255,10,],->10150201:[0|0.1.-1.-1],<100610001>,<0>,dmg: ,0, ,0: 00 2550,(,16.86,):,[,0,0, , , ,],{,0,0, , , ,},{ 埃尔菲莉丝 }, 阿莱克西斯
5248802848202718000,cb::admg,10150201 ,[,0,0,1,-1,-1,],->218010413:[1|0.0.255.10],<100000>,<0>,dmg: ,647, ,0: 01,(,17.22,):,[,129, , , , ,],{,37, , , , ,},{ 阿莱克西斯},阿莱克西斯
5248802848203454000,cb::admg,10450202 ,[,0,0,0,-1,-1,],->218010412:[1|0.0.255.8],<400002>,<0>,dmg: ,1099, ,0: 00,(,17.29,):,[,484, , , , ,],{,140, , , , ,},{ 埃尔菲莉丝},埃尔菲莉丝
5248802848205057000,cb::admg,10150201 ,[,0,0,1,-1,-1,],->218010413:[1|0.0.255.10],<100001>,<0>,dmg: ,678, ,0: 01,(,17.45,):,[,265, , , , ,],{,75, , , , ,},{ 阿莱克西斯},阿莱克西斯
5248802848207131000,cb::admg,10150201 ,[,0,0,1,-1,-1,],->218010413:[1|0.0.255.10],<100002>,<0>,dmg: ,839, ,0: 01,(,17.66,):,[,432, , , , ,],{,122, , , , ,},{ 阿莱克西斯},阿莱克西斯
5248802848210943000,cb::admg,10840202 ,[,0,0,2,-1,-1,],->218010411:[1|0.0.255.11],<800003>,<0>,dmg: ,554, ,0: 02,(,18.04,):,[,110, , , , ,],{,30, , , , ,},{ 艾露},艾露
5248802848211565000,cb::admg,10650201 ,[,0,0,3,-1,-1,],->218010411:[1|0.0.255.11],<600001>,<0>,dmg: ,448, ,0: 02 03,(,18.10,):,[,110,89, , , ,],{,30,24, , , ,},{ 艾露 拉拉诺亚},拉拉诺亚
5248802848213535000,cb::admg,10450202 ,[,0,0,0,-1,-1,],->218010412:[1|0.0.255.9],<400004>,<0>,dmg: ,1202, ,0: 00,(,18.30,):,[,240, , , , ,],{,65, , , , ,},{ 埃尔菲莉丝},埃尔菲莉丝
5248802848213553000,cb::admg,10450202 ,[,0,0,0,-1,-1,],->218010411:[1|0.0.255.12],<400004>,<0>,dmg: ,1276, ,0: 00,(,18.30,):,[,255, , , , ,],{,69, , , , ,},{ 埃尔菲莉丝},埃尔菲莉丝
5248802848216608000,cb::admg,10450202 ,[,0,0,0,-1,-1,],->218010412:[1|0.0.255.9],<400000>,<0>,dmg: ,1033, ,0: 00,(,18.61,):,[,447, , , , ,],{,120, , , , ,},{ 埃尔菲莉丝},埃尔菲莉丝
5248802848220643000,cb::admg,10450202 ,[,0,0,0,-1,-1,],->218010412:[1|0.0.255.9],<400001>,<0>,dmg: ,672, ,0: 00,(,19.01,):,[,581, , , , ,],{,152, , , , ,},{ 埃尔菲莉丝},埃尔菲莉丝
5248802848322920000,cb::admg,10450202 ,[,0,0,0,-1,-1,],->10450202:[0|0.0.-1.-1],<491110>,<104502021>,dmg: ,0, ,0: 00 2550,(,29.24,):,[,0,64, , , ,],{,0,26, , , ,},{ 埃尔菲莉丝 },埃尔菲莉丝 埃尔菲莉丝 神圣决断
5248802848322931000,cb::admg,10450202 ,[,0,0,0,-1,-1,],->10150201:[0|0.1.-1.-1],<491110>,<104502021>,dmg: ,0, ,0: 00 2550,(,29.24,):,[,0,0, , , ,],{,0,0, , , ,},{ 埃尔菲莉丝 },埃尔菲莉丝 阿莱克西斯 神圣决断
5248802848322940000,cb::admg,10450202 ,[,0,0,0,-1,-1,],->10840202:[0|0.2.-1.-1],<491110>,<104502021>,dmg: ,0, ,0: 00,(,29.24,):,[,0, , , , ,],{,0, , , , ,},{ 埃尔菲莉丝},埃尔菲莉丝 艾露 神圣决断
5248802848322949000,cb::admg,10450202 ,[,0,0,0,-1,-1,],->10650201:[0|0.3.-1.-1],<491110>,<104502021>,dmg: ,0, ,0: 00,(,29.24,):,[,0, , , , ,],{,0, , , , ,},{ 埃尔菲莉丝},埃尔菲莉丝 拉拉诺亚 神圣决断
5248802848323729000,cb::admg,10650201 ,[,0,0,3,-1,-1,],->218010412:[1|0.0.255.14],<600000>,<0>,dmg: ,269, ,0: 03,(,29.32,):,[,53, , , , ,],{,9, , , , ,},{ 拉拉诺亚},拉拉诺亚
5248802848323738000,cb::admg,10650201 ,[,0,0,3,-1,-1,],->218010412:[1|0.0.255.14],<600000>,<0>,dmg: ,261, ,0: 03,(,29.32,):,[,106, , , , ,],{,18, , , , ,},{ 拉拉诺亚},拉拉诺亚
5248802848323745000,cb::admg,10650201 ,[,0,0,3,-1,-1,],->218010412:[1|0.0.255.14],<600000>,<0>,dmg: ,443, ,0: 03,(,29.32,):,[,194, , , , ,],{,33, , , , ,},{ 拉拉诺亚},拉拉诺亚
5248802848325633000,cb::admg,10840202 ,[,0,0,2,-1,-1,],->218010412:[1|0.0.255.14],<800000>,<0>,dmg: ,325, ,0: 03 02,(,29.51,):,[,194,65, , , ,],{,33,11, , , ,},{ 拉拉诺亚 艾露},艾露
5248802848326292000,cb::admg,10650201 ,[,0,0,3,-1,-1,],->218010412:[1|0.0.255.14],<600001>,<0>,dmg: ,329, ,0: 03 02,(,29.57,):,[,260,65, , , ,],{,44,11, , , ,},{ 拉拉诺亚 艾露},拉拉诺亚
5248802848326455000,cb::admg,10650201 ,[,0,0,3,-1,-1,],->218010412:[1|0.0.255.16],<600001>,<0>,dmg: ,339, ,0: 03,(,29.59,):,[,67, , , , ,],{,11, , , , ,},{ 拉拉诺亚},拉拉诺亚
5248802848326837000,cb::admg,10840202 ,[,0,0,2,-1,-1,],->218010412:[1|0.0.255.14],<800001>,<0>,dmg: ,392, ,0: 03 02,(,29.63,):,[,260,143, , , ,],{,44,24, , , ,},{ 拉拉诺亚 艾露},艾露
5248802848327387000,cb::admg,10650201 ,[,0,0,3,-1,-1,],->218010412:[1|0.0.255.16],<600001>,<0>,dmg: ,343, ,0: 03,(,29.68,):,[,136, , , , ,],{,22, , , , ,},{ 拉拉诺亚},拉拉诺亚
5248802848327676000,cb::admg,10150201 ,[,0,0,1,-1,-1,],->218010412:[1|0.0.255.16],<100000>,<0>,dmg: ,854, ,0: 03 01,(,29.71,):,[,136,170, , , ,],{,22,28, , , ,},{ 拉拉诺亚 阿莱克西斯},阿莱克西斯
5248802848327684000,cb::admg,10150201 ,[,0,0,1,-1,-1,],->218010411:[1|0.0.255.21],<100000>,<0>,dmg: ,841, ,0: 01,(,29.71,):,[,168, , , , ,],{,28, , , , ,},{ 阿莱克西斯},阿莱克西斯
5248802848327974000,cb::admg,10150201 ,[,0,0,1,-1,-1,],->218010413:[1|0.0.255.19],<100000>,<0>,dmg: ,815, ,0: 01,(,29.74,):,[,163, , , , ,],{,27, , , , ,},{ 阿莱克西斯},阿莱克西斯
5248802848328775000,cb::admg,10450202 ,[,0,0,0,-1,-1,],->218010412:[1|0.0.255.14],<400000>,<0>,dmg: ,1350, ,0: 03 02 00,(,29.82,):,[,260,143,270, , ,],{,44,24,45, , ,},{ 拉拉诺亚 艾露 埃尔菲莉丝},埃尔菲莉丝
5248802848330408000,cb::admg,10650201 ,[,0,0,3,-1,-1,],->218010411:[1|0.0.255.21],<600002>,<0>,dmg: ,667, ,0: 01 03,(,29.99,):,[,168,133, , , ,],{,28,22, , , ,},{ 阿莱克西斯 拉拉诺亚},拉拉诺亚
5248802848330716000,cb::admg,10650201 ,[,0,0,3,-1,-1,],->218010413:[1|0.0.255.19],<600002>,<0>,dmg: ,390, ,0: 01 03,(,30.02,):,[,163,78, , , ,],{,27,12, , , ,},{ 阿莱克西斯 拉拉诺亚},拉拉诺亚
5248802848333908000,cb::admg,10840202 ,[,0,0,2,-1,-1,],->218010412:[1|0.0.255.17],<800002>,<0>,dmg: ,209, ,0: 02,(,30.34,):,[,41, , , , ,],{,6, , , , ,},{ 艾露},艾露
5248802848334833000,cb::admg,218010413 ,[,1,0,0,255,19,],->10450202:[0|0.0.-1.-1],<100610101>,<0>,dmg: ,152, ,0: 00 2550,(,30.43,):,[,0,30, , , ,],{,0,15, , , ,},{ 埃尔菲莉丝 }, 埃尔菲莉丝
5248802848335334000,cb::admg,10840202 ,[,0,0,2,-1,-1,],->218010412:[1|0.0.255.17],<800002>,<0>,dmg: ,211, ,0: 02,(,30.48,):,[,84, , , , ,],{,13, , , , ,},{ 艾露},艾露
5248802848339682000,cb::admg,10840202 ,[,0,0,2,-1,-1,],->10450202:[0|0.0.-1.-1],<891050>,<108402021>,dmg: ,-472, ,0: 00 2550 02,(,30.91,):,[,0,30,-94, , ,],{,0,15,-15, , ,},{ 埃尔菲莉丝  艾露},艾露 埃尔菲莉丝 治愈之药
5248802848339705000,cb::admg,10840202 ,[,0,0,2,-1,-1,],->10150201:[0|0.1.-1.-1],<891050>,<108402021>,dmg: ,-466, ,0: 00 2550 02,(,30.91,):,[,0,0,-93, , ,],{,0,0,-15, , ,},{ 埃尔菲莉丝  艾露},艾露 阿莱克西斯 治愈之药
5248802848339716000,cb::admg,10840202 ,[,0,0,2,-1,-1,],->10840202:[0|0.2.-1.-1],<891050>,<108402021>,dmg: ,-491, ,0: 00 02,(,30.92,):,[,0,-98, , , ,],{,0,-15, , , ,},{ 埃尔菲莉丝 艾露},艾露 艾露 治愈之药
5248802848339727000,cb::admg,10840202 ,[,0,0,2,-1,-1,],->10650201:[0|0.3.-1.-1],<891050>,<108402021>,dmg: ,-484, ,0: 00 02,(,30.92,):,[,0,-96, , , ,],{,0,-15, , , ,},{ 埃尔菲莉丝 艾露},艾露 拉拉诺亚 治愈之药
5248802848341431000,cb::admg,10450202 ,[,0,0,0,-1,-1,],->218010412:[1|0.0.255.15],<400000>,<0>,dmg: ,834, ,0: 00,(,31.09,):,[,166, , , , ,],{,26, , , , ,},{ 埃尔菲莉丝},埃尔菲莉丝
5248802848342636000,cb::admg,10650201 ,[,0,0,3,-1,-1,],->218010412:[1|0.0.255.15],<600000>,<0>,dmg: ,258, ,0: 00 03,(,31.21,):,[,166,51, , , ,],{,26,8, , , ,},{ 埃尔菲莉丝 拉拉诺亚},拉拉诺亚
5248802848342644000,cb::admg,10650201 ,[,0,0,3,-1,-1,],->218010412:[1|0.0.255.15],<600000>,<0>,dmg: ,440, ,0: 00 03,(,31.21,):,[,166,139, , , ,],{,26,22, , , ,},{ 埃尔菲莉丝 拉拉诺亚},拉拉诺亚
5248802848342650000,cb::admg,10650201 ,[,0,0,3,-1,-1,],->218010412:[1|0.0.255.15],<600000>,<0>,dmg: ,272, ,0: 00 03,(,31.21,):,[,166,194, , , ,],{,26,31, , , ,},{ 埃尔菲莉丝 拉拉诺亚},拉拉诺亚
5248802848342924000,cb::admg,218010413 ,[,1,0,0,255,18,],->10150201:[0|0.1.-1.-1],<100610001>,<0>,dmg: ,106, ,0: 00 2550 02,(,31.24,):,[,0,21,-93, , ,],{,0,3,-15, , ,},{ 埃尔菲莉丝  艾露}, 阿莱克西斯
5248802848343288000,cb::admg,218010411 ,[,1,0,0,255,20,],->10650201:[0|0.3.-1.-1],<104910001>,<0>,dmg: ,0, ,0: 00 02 2550,(,31.27,):,[,0,-96,0, , ,],{,0,-15,0, , ,},{ 埃尔菲莉丝 艾露 }, 拉拉诺亚
5248802848345151000,cb::admg,10840202 ,[,0,0,2,-1,-1,],->10840202:[0|0.2.-1.-1],<891053>,<108402023>,dmg: ,0, ,0: 00 02,(,31.46,):,[,0,-98, , , ,],{,0,-15, , , ,},{ 埃尔菲莉丝 艾露},艾露 艾露 治愈之药Ⅱ
5248802848345311000,cb::admg,10450202 ,[,0,0,0,-1,-1,],->218010412:[1|0.0.255.15],<400001>,<0>,dmg: ,860, ,0: 00 03,(,31.48,):,[,338,194, , , ,],{,53,31, , , ,},{ 埃尔菲莉丝 拉拉诺亚},埃尔菲莉丝
5248802848346103000,cb::admg,10150201 ,[,0,0,1,-1,-1,],->218010415:[1|0.0.255.13],<100000>,<0>,dmg: ,821, ,0: 01,(,31.55,):,[,164, , , , ,],{,26, , , , ,},{ 阿莱克西斯},阿莱克西斯
5248802848346112000,cb::admg,10150201 ,[,0,0,1,-1,-1,],->218010412:[1|0.0.255.16],<100000>,<0>,dmg: ,804, ,0: 03 01,(,31.56,):,[,136,331, , , ,],{,22,52, , , ,},{ 拉拉诺亚 阿莱克西斯},阿莱克西斯
5248802848346329000,cb::admg,10150201 ,[,0,0,1,-1,-1,],->218010413:[1|0.0.255.18],<100000>,<0>,dmg: ,795, ,0: 01,(,31.58,):,[,159, , , , ,],{,25, , , , ,},{ 阿莱克西斯},阿莱克西斯
5248802848347557000,cb::admg,218010415 ,[,1,0,0,255,13,],->10150201:[0|0.1.-1.-1],<102010001>,<0>,dmg: ,156, ,0: 00 2550 02,(,31.70,):,[,0,52,-93, , ,],{,0,8,-15, , ,},{ 埃尔菲莉丝  艾露}, 阿莱克西斯
5248802848350466000,cb::admg,10450202 ,[,0,0,0,-1,-1,],->218010412:[1|0.0.255.17],<400002>,<0>,dmg: ,1433, ,0: 02 00,(,31.99,):,[,84,286, , , ,],{,13,44, , , ,},{ 艾露 埃尔菲莉丝},埃尔菲莉丝
5248802848359031000,cb::admg,218010415 ,[,1,0,0,255,13,],->10450202:[0|0.0.-1.-1],<102010001>,<0>,dmg: ,159, ,0: 00 2550 02,(,32.85,):,[,0,62,-94, , ,],{,0,19,-15, , ,},{ 埃尔菲莉丝  艾露}, 埃尔菲莉丝
5248802848359044000,cb::admg,218010415 ,[,1,0,0,255,13,],->10150201:[0|0.1.-1.-1],<102010001>,<0>,dmg: ,171, ,0: 00 2550 02,(,32.85,):,[,0,86,-93, , ,],{,0,13,-15, , ,},{ 埃尔菲莉丝  艾露}, 阿莱克西斯
5248802848360339000,cb::admg,10450202 ,[,0,0,0,-1,-1,],->218010415:[1|0.0.255.13],<400000>,<0>,dmg: ,782, ,0: 01 00,(,32.98,):,[,164,156, , , ,],{,26,23, , , ,},{ 阿莱克西斯 埃尔菲莉丝},埃尔菲莉丝
5248802848360356000,cb::admg,10450202 ,[,0,0,0,-1,-1,],->218010412:[1|0.0.255.17],<400000>,<0>,dmg: ,775, ,0: 02 00,(,32.98,):,[,84,441, , , ,],{,13,66, , , ,},{ 艾露 埃尔菲莉丝},埃尔菲莉丝
5248802848363643000,cb::admg,10650201 ,[,0,0,3,-1,-1,],->218010415:[1|0.0.255.13],<600001>,<0>,dmg: ,323, ,0: 01 00 03,(,33.31,):,[,164,156,64, , ,],{,26,23,9, , ,},{ 阿莱克西斯 埃尔菲莉丝 拉拉诺亚},拉拉诺亚
5248802848364115000,cb::admg,10450202 ,[,0,0,0,-1,-1,],->218010415:[1|0.0.255.13],<400001>,<0>,dmg: ,857, ,0: 01 00 03,(,33.36,):,[,164,327,64, , ,],{,26,49,9, , ,},{ 阿莱克西斯 埃尔菲莉丝 拉拉诺亚},埃尔菲莉丝
5248802848364792000,cb::admg,10650201 ,[,0,0,3,-1,-1,],->218010415:[1|0.0.255.13],<600001>,<0>,dmg: ,324, ,0: 01 00 03,(,33.42,):,[,164,327,129, , ,],{,26,49,19, , ,},{ 阿莱克西斯 埃尔菲莉丝 拉拉诺亚},拉拉诺亚
5248802848367049000,cb::admg,10840202 ,[,0,0,2,-1,-1,],->218010415:[1|0.0.255.13],<800001>,<0>,dmg: ,360, ,0: 01 00 03 02,(,33.65,):,[,164,327,129,72, ,],{,26,49,19,10, ,},{ 阿莱克西斯 埃尔菲莉丝 拉拉诺亚 艾露},艾露
5248802848368428000,cb::admg,218010415 ,[,1,0,0,255,13,],->10450202:[0|0.0.-1.-1],<102010001>,<0>,dmg: ,157, ,0: 00 2550 02,(,33.79,):,[,0,93,-94, , ,],{,0,23,-15, , ,},{ 埃尔菲莉丝  艾露}, 埃尔菲莉丝
5248802848368628000,cb::admg,10650201 ,[,0,0,3,-1,-1,],->218010415:[1|0.0.255.13],<691060>,<106502011>,dmg: ,1685, ,0: 01 00 03 02,(,33.81,):,[,164,327,466,72, ,],{,26,49,68,10, ,},{ 阿莱克西斯 埃尔菲莉丝 拉拉诺亚 艾露},拉拉诺亚 绚丽箭雨
5248802848369279000,cb::admg,10450202 ,[,0,0,0,-1,-1,],->218010415:[1|0.0.255.13],<400002>,<0>,dmg: ,1381, ,0: 01 00 03 02,(,33.87,):,[,164,604,466,72, ,],{,26,89,68,10, ,},{ 阿莱克西斯 埃尔菲莉丝 拉拉诺亚 艾露},埃尔菲莉丝
5248802848369295000,cb::admg,10450202 ,[,0,0,0,-1,-1,],->218010411:[1|0.0.255.20],<400002>,<0>,dmg: ,1431, ,0: 00,(,33.87,):,[,286, , , , ,],{,42, , , , ,},{ 埃尔菲莉丝},埃尔菲莉丝
5248802848369332000,cb::admg,10840202 ,[,0,0,2,-1,-1,],->218010415:[1|0.0.255.13],<800002>,<0>,dmg: ,203, ,0: 01 00 03 02,(,33.88,):,[,164,604,466,112, ,],{,26,89,68,16, ,},{ 阿莱克西斯 埃尔菲莉丝 拉拉诺亚 艾露},艾露
5248802848369814000,cb::admg,10650201 ,[,0,0,3,-1,-1,],->218010415:[1|0.0.255.13],<691060>,<106502011>,dmg: ,993, ,0: 01 00 03 02,(,33.93,):,[,164,604,665,112, ,],{,26,89,98,16, ,},{ 阿莱克西斯 埃尔菲莉丝 拉拉诺亚 艾露},拉拉诺亚 绚丽箭雨
5248802848369995000,cb::admg,10650201 ,[,0,0,3,-1,-1,],->218010415:[1|0.0.255.13],<691060>,<106502011>,dmg: ,1030, ,0: 01 00 03 02,(,33.94,):,[,164,604,871,112, ,],{,26,89,128,16, ,},{ 阿莱克西斯 埃尔菲莉丝 拉拉诺亚 艾露},拉拉诺亚 绚丽箭雨
5248802848370452000,cb::admg,10650201 ,[,0,0,3,-1,-1,],->218010415:[1|0.0.255.13],<691060>,<106502011>,dmg: ,1012, ,0: 01 00 03 02,(,33.99,):,[,164,604,1073,112, ,],{,26,89,157,16, ,},{ 阿莱克西斯 埃尔菲莉丝 拉拉诺亚 艾露},拉拉诺亚 绚丽箭雨
5248802848370627000,cb::admg,10650201 ,[,0,0,3,-1,-1,],->218010415:[1|0.0.255.13],<691060>,<106502011>,dmg: ,1078, ,0: 01 00 03 02,(,34.01,):,[,164,604,1289,112, ,],{,26,89,189,16, ,},{ 阿莱克西斯 埃尔菲莉丝 拉拉诺亚 艾露},拉拉诺亚 绚丽箭雨
5248802848370866000,cb::admg,10840202 ,[,0,0,2,-1,-1,],->218010415:[1|0.0.255.13],<800002>,<0>,dmg: ,221, ,0: 01 00 03 02,(,34.03,):,[,164,604,1289,156, ,],{,26,89,189,23, ,},{ 阿莱克西斯 埃尔菲莉丝 拉拉诺亚 艾露},艾露
5248802848370982000,cb::admg,10650201 ,[,0,0,3,-1,-1,],->218010415:[1|0.0.255.13],<691060>,<106502011>,dmg: ,1045, ,0: 01 00 03 02,(,34.04,):,[,164,604,1498,156, ,],{,26,89,220,23, ,},{ 阿莱克西斯 埃尔菲莉丝 拉拉诺亚 艾露},拉拉诺亚 绚丽箭雨
5248802848371345000,cb::admg,10650201 ,[,0,0,3,-1,-1,],->218010415:[1|0.0.255.13],<691060>,<106502011>,dmg: ,1084, ,0: 01 00 03 02,(,34.08,):,[,164,604,1714,156, ,],{,26,89,251,23, ,},{ 阿莱克西斯 埃尔菲莉丝 拉拉诺亚 艾露},拉拉诺亚 绚丽箭雨
5248802848371378000,cb::admg,218010413 ,[,1,0,0,255,18,],->10150201:[0|0.1.-1.-1],<100610001>,<0>,dmg: ,100, ,0: 00 2550 02,(,34.08,):,[,0,106,-93, , ,],{,0,15,-15, , ,},{ 埃尔菲莉丝  艾露}, 阿莱克西斯
5248802848376654000,cb::admg,218010413 ,[,1,0,0,255,19,],->10450202:[0|0.0.-1.-1],<100610001>,<0>,dmg: ,109, ,0: 00 2550 02,(,34.61,):,[,0,115,-94, , ,],{,0,26,-15, , ,},{ 埃尔菲莉丝  艾露}, 埃尔菲莉丝
5248802848379419000,cb::admg,10450202 ,[,0,0,0,-1,-1,],->218010413:[1|0.0.255.19],<400004>,<0>,dmg: ,1631, ,0: 01 03 00,(,34.89,):,[,163,78,326, , ,],{,27,12,46, , ,},{ 阿莱克西斯 拉拉诺亚 埃尔菲莉丝},埃尔菲莉丝
5248802848386126000,cb::admg,10450202 ,[,0,0,0,-1,-1,],->218010413:[1|0.0.255.18],<400000>,<0>,dmg: ,843, ,0: 01 00,(,35.56,):,[,159,168, , , ,],{,25,23, , , ,},{ 阿莱克西斯 埃尔菲莉丝},埃尔菲莉丝
5248802848522084000,cb::admg,10450202 ,[,0,0,0,-1,-1,],->218010428:[1|0.0.255.0],<400000>,<0>,dmg: ,650, ,0: 00,(,49.15,):,[,130, , , , ,],{,13, , , , ,},{ 埃尔菲莉丝},埃尔菲莉丝
5248802848523920000,cb::admg,10650201 ,[,0,0,3,-1,-1,],->218010428:[1|0.0.255.0],<600000>,<0>,dmg: ,352, ,0: 00 03,(,49.34,):,[,130,70, , , ,],{,13,7, , , ,},{ 埃尔菲莉丝 拉拉诺亚},拉拉诺亚
5248802848523938000,cb::admg,10650201 ,[,0,0,3,-1,-1,],->218010428:[1|0.0.255.0],<600000>,<0>,dmg: ,346, ,0: 00 03,(,49.34,):,[,130,139, , , ,],{,13,14, , , ,},{ 埃尔菲莉丝 拉拉诺亚},拉拉诺亚
5248802848523947000,cb::admg,10650201 ,[,0,0,3,-1,-1,],->218010428:[1|0.0.255.0],<600000>,<0>,dmg: ,199, ,0: 00 03,(,49.34,):,[,130,179, , , ,],{,13,18, , , ,},{ 埃尔菲莉丝 拉拉诺亚},拉拉诺亚
5248802848525145000,cb::admg,10150201 ,[,0,0,1,-1,-1,],->218010428:[1|0.0.255.0],<100000>,<0>,dmg: ,1123, ,0: 00 03 01,(,49.46,):,[,130,179,224, , ,],{,13,18,22, , ,},{ 埃尔菲莉丝 拉拉诺亚 阿莱克西斯},阿莱克西斯
5248802848525919000,cb::admg,10650201 ,[,0,0,3,-1,-1,],->218010428:[1|0.0.255.0],<600001>,<0>,dmg: ,250, ,0: 00 03 01,(,49.54,):,[,130,229,224, , ,],{,13,23,22, , ,},{ 埃尔菲莉丝 拉拉诺亚 阿莱克西斯},拉拉诺亚
5248802848527025000,cb::admg,10650201 ,[,0,0,3,-1,-1,],->218010428:[1|0.0.255.0],<600001>,<0>,dmg: ,255, ,0: 00 03 01,(,49.65,):,[,130,280,224, , ,],{,13,28,22, , ,},{ 埃尔菲莉丝 拉拉诺亚 阿莱克西斯},拉拉诺亚
5248802848527750000,cb::admg,10150201 ,[,0,0,1,-1,-1,],->218010428:[1|0.0.255.0],<100001>,<0>,dmg: ,650, ,0: 00 03 01,(,49.72,):,[,130,280,354, , ,],{,13,28,35, , ,},{ 埃尔菲莉丝 拉拉诺亚 阿莱克西斯},阿莱克西斯
5248802848527946000,cb::admg,20050208 ,[,0,0,0,-1,-1,],->218010428:[1|0.0.255.0],<10097160>,<0>,dmg: ,1512, ,0: 00 03 01,(,49.74,):,[,432,280,354, , ,],{,43,28,35, , ,},{ 埃尔菲莉丝 拉拉诺亚 阿莱克西斯},
5248802848528227000,cb::admg,10840202 ,[,0,0,2,-1,-1,],->218010428:[1|0.0.255.0],<800000>,<0>,dmg: ,250, ,0: 00 03 01 02,(,49.77,):,[,432,280,354,50, ,],{,43,28,35,5, ,},{ 埃尔菲莉丝 拉拉诺亚 阿莱克西斯 艾露},艾露
5248802848529692000,cb::admg,10150201 ,[,0,0,1,-1,-1,],->218010428:[1|0.0.255.0],<100002>,<0>,dmg: ,801, ,0: 00 03 01 02,(,49.91,):,[,432,280,514,50, ,],{,43,28,51,5, ,},{ 埃尔菲莉丝 拉拉诺亚 阿莱克西斯 艾露},阿莱克西斯
5248802848529717000,cb::admg,10650201 ,[,0,0,3,-1,-1,],->218010428:[1|0.0.255.0],<600002>,<0>,dmg: ,296, ,0: 00 03 01 02,(,49.92,):,[,432,339,514,50, ,],{,43,34,51,5, ,},{ 埃尔菲莉丝 拉拉诺亚 阿莱克西斯 艾露},拉拉诺亚
5248802848529726000,cb::admg,10650201 ,[,0,0,3,-1,-1,],->218010428:[1|0.0.255.0],<600002>,<0>,dmg: ,296, ,0: 00 03 01 02,(,49.92,):,[,432,398,514,50, ,],{,43,39,51,5, ,},{ 埃尔菲莉丝 拉拉诺亚 阿莱克西斯 艾露},拉拉诺亚
5248802848529735000,cb::admg,10650201 ,[,0,0,3,-1,-1,],->218010428:[1|0.0.255.0],<600002>,<0>,dmg: ,282, ,0: 00 03 01 02,(,49.92,):,[,432,455,514,50, ,],{,43,45,51,5, ,},{ 埃尔菲莉丝 拉拉诺亚 阿莱克西斯 艾露},拉拉诺亚
5248802848531509000,cb::admg,10840202 ,[,0,0,2,-1,-1,],->218010428:[1|0.0.255.0],<800001>,<0>,dmg: ,300, ,0: 00 03 01 02,(,50.10,):,[,432,455,514,110, ,],{,43,45,51,10, ,},{ 埃尔菲莉丝 拉拉诺亚 阿莱克西斯 艾露},艾露
5248802848533017000,cb::admg,10150201 ,[,0,0,1,-1,-1,],->218010428:[1|0.0.255.0],<100003>,<0>,dmg: ,832, ,0: 00 03 01 02,(,50.25,):,[,432,455,681,110, ,],{,43,45,67,10, ,},{ 埃尔菲莉丝 拉拉诺亚 阿莱克西斯 艾露},阿莱克西斯
5248802848533552000,cb::admg,10650201 ,[,0,0,3,-1,-1,],->218010428:[1|0.0.255.0],<600003>,<0>,dmg: ,419, ,0: 00 03 01 02,(,50.30,):,[,432,539,681,110, ,],{,43,53,67,10, ,},{ 埃尔菲莉丝 拉拉诺亚 阿莱克西斯 艾露},拉拉诺亚
5248802848534044000,cb::admg,10840202 ,[,0,0,2,-1,-1,],->218010428:[1|0.0.255.0],<800002>,<0>,dmg: ,164, ,0: 00 03 01 02,(,50.35,):,[,432,539,681,142, ,],{,43,53,67,14, ,},{ 埃尔菲莉丝 拉拉诺亚 阿莱克西斯 艾露},艾露
5248802848534197000,cb::admg,20050208 ,[,0,0,0,-1,-1,],->10150201:[0|0.1.-1.-1],<10097150>,<200502081>,dmg: ,0, ,0: 00 2550 02,(,50.36,):,[,0,106,-93, , ,],{,0,15,-15, , ,},{ 埃尔菲莉丝  艾露}, 阿莱克西斯 咣咣咣魔法♪
5248802848534206000,cb::admg,20050208 ,[,0,0,0,-1,-1,],->10650201:[0|0.3.-1.-1],<10097150>,<200502081>,dmg: ,0, ,0: 00 02 2550,(,50.37,):,[,0,-96,0, , ,],{,0,-15,0, , ,},{ 埃尔菲莉丝 艾露 }, 拉拉诺亚 咣咣咣魔法♪
5248802848534386000,cb::admg,10650201 ,[,0,0,3,-1,-1,],->218010428:[1|0.0.255.0],<600003>,<0>,dmg: ,446, ,0: 00 03 01 02,(,50.38,):,[,432,628,681,142, ,],{,43,62,67,14, ,},{ 埃尔菲莉丝 拉拉诺亚 阿莱克西斯 艾露},拉拉诺亚
5248802848535498000,cb::admg,10840202 ,[,0,0,2,-1,-1,],->218010428:[1|0.0.255.0],<800002>,<0>,dmg: ,170, ,0: 00 03 01 02,(,50.49,):,[,432,628,681,176, ,],{,43,62,67,17, ,},{ 埃尔菲莉丝 拉拉诺亚 阿莱克西斯 艾露},艾露
5248802848536419000,cb::admg,20050208 ,[,0,0,0,-1,-1,],->10450202:[0|0.0.-1.-1],<10097150>,<200502081>,dmg: ,-2888, ,0: 00 2550 02,(,50.59,):,[,-577,115,-94, , ,],{,-57,26,-15, , ,},{ 埃尔菲莉丝  艾露}, 埃尔菲莉丝 咣咣咣魔法♪
5248802848536425000,cb::admg,20050208 ,[,0,0,0,-1,-1,],->10150201:[0|0.1.-1.-1],<10097150>,<200502081>,dmg: ,-2965, ,0: 00 2550 02,(,50.59,):,[,-593,106,-93, , ,],{,-58,15,-15, , ,},{ 埃尔菲莉丝  艾露}, 阿莱克西斯 咣咣咣魔法♪
5248802848536436000,cb::admg,20050208 ,[,0,0,0,-1,-1,],->10840202:[0|0.2.-1.-1],<10097150>,<200502081>,dmg: ,-2929, ,0: 00 02,(,50.59,):,[,-585,-98, , , ,],{,-57,-15, , , ,},{ 埃尔菲莉丝 艾露}, 艾露 咣咣咣魔法♪
5248802848536445000,cb::admg,20050208 ,[,0,0,0,-1,-1,],->10650201:[0|0.3.-1.-1],<10097150>,<200502081>,dmg: ,-2787, ,0: 00 02 2550,(,50.59,):,[,-557,-96,0, , ,],{,-55,-15,0, , ,},{ 埃尔菲莉丝 艾露 }, 拉拉诺亚 咣咣咣魔法♪
5248802848537324000,cb::admg,10150201 ,[,0,0,1,-1,-1,],->218010428:[1|0.0.255.0],<191000>,<101502011>,dmg: ,9407, ,0: 00 03 01 02,(,50.68,):,[,432,628,2562,176, ,],{,43,62,252,17, ,},{ 埃尔菲莉丝 拉拉诺亚 阿莱克西斯 艾露},阿莱克西斯 壮丽之汐
5248802848538312000,cb::admg,10840202 ,[,0,0,2,-1,-1,],->218010428:[1|0.0.255.0],<800003>,<0>,dmg: ,560, ,0: 00 03 01 02,(,50.78,):,[,432,628,2562,288, ,],{,43,62,252,28, ,},{ 埃尔菲莉丝 拉拉诺亚 阿莱克西斯 艾露},艾露
5248802848539984000,cb::admg,10650201 ,[,0,0,3,-1,-1,],->218010428:[1|0.0.255.0],<600004>,<0>,dmg: ,426, ,0: 00 03 01 02,(,50.94,):,[,432,713,2562,288, ,],{,43,70,252,28, ,},{ 埃尔菲莉丝 拉拉诺亚 阿莱克西斯 艾露},拉拉诺亚
5248802848539994000,cb::admg,10650201 ,[,0,0,3,-1,-1,],->218010428:[1|0.0.255.0],<600004>,<0>,dmg: ,240, ,0: 00 03 01 02,(,50.94,):,[,432,761,2562,288, ,],{,43,74,252,28, ,},{ 埃尔菲莉丝 拉拉诺亚 阿莱克西斯 艾露},拉拉诺亚
5248802848540005000,cb::admg,10650201 ,[,0,0,3,-1,-1,],->218010428:[1|0.0.255.0],<600004>,<0>,dmg: ,234, ,0: 00 03 01 02,(,50.94,):,[,432,808,2562,288, ,],{,43,79,252,28, ,},{ 埃尔菲莉丝 拉拉诺亚 阿莱克西斯 艾露},拉拉诺亚
5248802848542984000,cb::admg,10840202 ,[,0,0,2,-1,-1,],->218010428:[1|0.0.255.0],<800004>,<0>,dmg: ,700, ,0: 00 03 01 02,(,51.24,):,[,432,808,2562,428, ,],{,43,79,252,41, ,},{ 埃尔菲莉丝 拉拉诺亚 阿莱克西斯 艾露},艾露
5248802848544077000,cb::admg,20050208 ,[,0,0,0,-1,-1,],->10840202:[0|0.2.-1.-1],<10097150>,<200502081>,dmg: ,0, ,0: 00 02,(,51.35,):,[,-585,-98, , , ,],{,-57,-15, , , ,},{ 埃尔菲莉丝 艾露}, 艾露 咣咣咣魔法♪
5248802848551630000,cb::admg,20050208 ,[,0,0,0,-1,-1,],->218010428:[1|0.0.255.0],<10097140>,<0>,dmg: ,1603, ,0: 00 03 01 02,(,52.11,):,[,753,808,2562,428, ,],{,72,79,252,41, ,},{ 埃尔菲莉丝 拉拉诺亚 阿莱克西斯 艾露},
5248802848555628000,cb::admg,20050208 ,[,0,0,0,-1,-1,],->218010428:[1|0.0.255.0],<10097141>,<0>,dmg: ,1702, ,0: 00 03 01 02,(,52.51,):,[,1093,808,2562,428, ,],{,104,79,252,41, ,},{ 埃尔菲莉丝 拉拉诺亚 阿莱克西斯 艾露},
5248802848557616000,cb::admg,10840202 ,[,0,0,2,-1,-1,],->218010428:[1|0.0.255.0],<800000>,<0>,dmg: ,241, ,0: 00 03 01 02,(,52.71,):,[,1093,808,2562,477, ,],{,104,79,252,45, ,},{ 埃尔菲莉丝 拉拉诺亚 阿莱克西斯 艾露},艾露
5248802848557718000,cb::admg,10150201 ,[,0,0,1,-1,-1,],->218010428:[1|0.0.255.0],<100000>,<0>,dmg: ,633, ,0: 00 03 01 02,(,52.72,):,[,1093,808,2689,477, ,],{,104,79,255,45, ,},{ 埃尔菲莉丝 拉拉诺亚 阿莱克西斯 艾露},阿莱克西斯
5248802848559929000,cb::admg,10840202 ,[,0,0,2,-1,-1,],->218010428:[1|0.0.255.0],<800001>,<0>,dmg: ,280, ,0: 00 03 01 02,(,52.94,):,[,1093,808,2689,533, ,],{,104,79,255,50, ,},{ 埃尔菲莉丝 拉拉诺亚 阿莱克西斯 艾露},艾露
5248802848560035000,cb::admg,10150201 ,[,0,0,1,-1,-1,],->218010428:[1|0.0.255.0],<100001>,<0>,dmg: ,662, ,0: 00 03 01 02,(,52.95,):,[,1093,808,2821,533, ,],{,104,79,266,50, ,},{ 埃尔菲莉丝 拉拉诺亚 阿莱克西斯 艾露},阿莱克西斯
5248802848560889000,cb::admg,10650201 ,[,0,0,3,-1,-1,],->218010428:[1|0.0.255.0],<600000>,<0>,dmg: ,209, ,0: 00 03 01 02,(,53.03,):,[,1093,850,2821,533, ,],{,104,80,266,50, ,},{ 埃尔菲莉丝 拉拉诺亚 阿莱克西斯 艾露},拉拉诺亚
5248802848560898000,cb::admg,10650201 ,[,0,0,3,-1,-1,],->218010428:[1|0.0.255.0],<600000>,<0>,dmg: ,190, ,0: 00 03 01 02,(,53.03,):,[,1093,888,2821,533, ,],{,104,83,266,50, ,},{ 埃尔菲莉丝 拉拉诺亚 阿莱克西斯 艾露},拉拉诺亚
5248802848560906000,cb::admg,10650201 ,[,0,0,3,-1,-1,],->218010428:[1|0.0.255.0],<600000>,<0>,dmg: ,347, ,0: 00 03 01 02,(,53.04,):,[,1093,957,2821,533, ,],{,104,90,266,50, ,},{ 埃尔菲莉丝 拉拉诺亚 阿莱克西斯 艾露},拉拉诺亚
5248802848561036000,cb::admg,20050208 ,[,0,0,0,-1,-1,],->218010428:[1|0.0.255.0],<10097142>,<0>,dmg: ,2860, ,0: 00 03 01 02,(,53.05,):,[,1665,957,2821,533, ,],{,156,90,266,50, ,},{ 埃尔菲莉丝 拉拉诺亚 阿莱克西斯 艾露},
5248802848562223000,cb::admg,10150201 ,[,0,0,1,-1,-1,],->218010428:[1|0.0.255.0],<100002>,<0>,dmg: ,812, ,0: 00 03 01 02,(,53.17,):,[,1665,957,2984,533, ,],{,156,90,280,50, ,},{ 埃尔菲莉丝 拉拉诺亚 阿莱克西斯 艾露},阿莱克西斯
5248802848562237000,cb::admg,10840202 ,[,0,0,2,-1,-1,],->218010428:[1|0.0.255.0],<800002>,<0>,dmg: ,166, ,0: 00 03 01 02,(,53.17,):,[,1665,957,2984,566, ,],{,156,90,280,53, ,},{ 埃尔菲莉丝 拉拉诺亚 阿莱克西斯 艾露},艾露
5248802848563361000,cb::admg,10840202 ,[,0,0,2,-1,-1,],->218010428:[1|0.0.255.0],<800002>,<0>,dmg: ,163, ,0: 00 03 01 02,(,53.28,):,[,1665,957,2984,598, ,],{,156,90,280,56, ,},{ 埃尔菲莉丝 拉拉诺亚 阿莱克西斯 艾露},艾露
5248802848563843000,cb::admg,20050208 ,[,0,0,0,-1,-1,],->218010428:[1|0.0.255.0],<10097142>,<0>,dmg: ,4752, ,0: 00 03 01 02,(,53.33,):,[,2615,957,2984,598, ,],{,245,90,280,56, ,},{ 埃尔菲莉丝 拉拉诺亚 阿莱克西斯 艾露},
5248802848565516000,cb::admg,10150201 ,[,0,0,1,-1,-1,],->218010428:[1|0.0.255.0],<100003>,<0>,dmg: ,843, ,0: 00 03 01 02,(,53.50,):,[,2615,957,3152,598, ,],{,245,90,294,56, ,},{ 埃尔菲莉丝 拉拉诺亚 阿莱克西斯 艾露},阿莱克西斯
5248802848566345000,cb::admg,10840202 ,[,0,0,2,-1,-1,],->218010428:[1|0.0.255.0],<800003>,<0>,dmg: ,558, ,0: 00 03 01 02,(,53.58,):,[,2615,957,3152,710, ,],{,245,90,294,66, ,},{ 埃尔菲莉丝 拉拉诺亚 阿莱克西斯 艾露},艾露
5248802848567824000,cb::admg,10150201 ,[,0,0,1,-1,-1,],->218010428:[1|0.0.255.0],<100004>,<0>,dmg: ,0, ,0: 00 03 01 02,(,53.73,):,[,2615,957,3152,710, ,],{,245,90,293,66, ,},{ 埃尔菲莉丝 拉拉诺亚 阿莱克西斯 艾露},阿莱克西斯
5248802848568261000,cb::admg,218010428 ,[,1,0,0,255,0,],->10150201:[0|0.1.-1.-1],<300211601>,<0>,dmg: ,558, ,0: 00 2550 02,(,53.77,):,[,-593,111,-93, , ,],{,-58,20,-15, , ,},{ 埃尔菲莉丝  艾露}, 阿莱克西斯
5248802848568540000,cb::admg,10150201 ,[,0,0,1,-1,-1,],->218010428:[1|0.0.255.0],<100004>,<0>,dmg: ,1213, ,0: 00 03 01 02,(,53.80,):,[,2615,957,3395,710, ,],{,245,90,315,66, ,},{ 埃尔菲莉丝 拉拉诺亚 阿莱克西斯 艾露},阿莱克西斯
5248802848568823000,cb::admg,20050208 ,[,0,0,0,-1,-1,],->218010428:[1|0.0.255.0],<10097140>,<0>,dmg: ,1547, ,0: 00 03 01 02,(,53.83,):,[,2925,957,3395,710, ,],{,271,90,315,66, ,},{ 埃尔菲莉丝 拉拉诺亚 阿莱克西斯 艾露},
5248802848570833000,cb::admg,10840202 ,[,0,0,2,-1,-1,],->218010428:[1|0.0.255.0],<800004>,<0>,dmg: ,696, ,0: 00 03 01 02,(,54.03,):,[,2925,957,3395,849, ,],{,271,90,315,78, ,},{ 埃尔菲莉丝 拉拉诺亚 阿莱克西斯 艾露},艾露
5248802848572850000,cb::admg,20050208 ,[,0,0,0,-1,-1,],->218010428:[1|0.0.255.0],<10097141>,<0>,dmg: ,2767, ,0: 00 03 01 02,(,54.23,):,[,3348,957,3395,849, ,],{,320,90,315,78, ,},{ 埃尔菲莉丝 拉拉诺亚 阿莱克西斯 艾露},
5248802848574071000,cb::admg,20050208 ,[,0,0,0,-1,-1,],->10650201:[0|0.3.-1.-1],<10097150>,<200502081>,dmg: ,0, ,0: 00 02 2550,(,54.35,):,[,-557,-96,0, , ,],{,-51,-15,0, , ,},{ 埃尔菲莉丝 艾露 }, 拉拉诺亚 咣咣咣魔法♪
5248802848574427000,cb::admg,218010428 ,[,1,0,0,255,0,],->10650201:[0|0.3.-1.-1],<300211601>,<0>,dmg: ,874, ,0: 00 02 2550,(,54.39,):,[,-557,-96,174, , ,],{,-51,-15,16, , ,},{ 埃尔菲莉丝 艾露 }, 拉拉诺亚
5248802848578298000,cb::admg,20050208 ,[,0,0,0,-1,-1,],->218010428:[1|0.0.255.0],<10097142>,<0>,dmg: ,2811, ,0: 00 03 01 02,(,54.77,):,[,3608,957,3395,849, ,],{,368,90,315,78, ,},{ 埃尔菲莉丝 拉拉诺亚 阿莱克西斯 艾露},
5248802848580517000,cb::admg,10840202 ,[,0,0,2,-1,-1,],->218010428:[1|0.0.255.0],<800005>,<0>,dmg: ,348, ,0: 00 03 01 02,(,55.00,):,[,3608,957,3395,869, ,],{,368,90,315,83, ,},{ 埃尔菲莉丝 拉拉诺亚 阿莱克西斯 艾露},艾露
5248802848580770000,cb::admg,218010428 ,[,1,0,0,255,0,],->10150201:[0|0.1.-1.-1],<300202121>,<0>,dmg: ,0, ,0: 00 2550 02,(,55.02,):,[,-593,111,-93, , ,],{,-58,19,-15, , ,},{ 埃尔菲莉丝  艾露}, 阿莱克西斯
5248802848580958000,cb::admg,20050208 ,[,0,0,0,-1,-1,],->218010428:[1|0.0.255.0],<10097142>,<0>,dmg: ,2976, ,0: 00 03 01 02,(,55.04,):,[,4203,957,3395,869, ,],{,421,90,315,83, ,},{ 埃尔菲莉丝 拉拉诺亚 阿莱克西斯 艾露},
5248802848582285000,cb::admg,10840202 ,[,0,0,2,-1,-1,],->218010428:[1|0.0.255.0],<800005>,<0>,dmg: ,356, ,0: 00 03 01 02,(,55.17,):,[,4203,957,3395,880, ,],{,421,90,315,89, ,},{ 埃尔菲莉丝 拉拉诺亚 阿莱克西斯 艾露},艾露
5248802848582750000,cb::apsd,218010428 ,[,1,0,0,255,0,],->10150201:[0|0.1.-1.-1],<2>,<burn>,dmg: ,144, ,0: 00 2550 02,(,55.22,):,[,-593,140,-93, , ,],{,-58,22,-15, , ,},{ 埃尔菲莉丝  艾露}, 阿莱克西斯
5248802848584112000,cb::admg,10840202 ,[,0,0,2,-1,-1,],->218010428:[1|0.0.255.0],<800005>,<0>,dmg: ,617, ,0: 00 03 01 02,(,55.36,):,[,4203,957,3395,971, ,],{,421,90,315,100, ,},{ 埃尔菲莉丝 拉拉诺亚 阿莱克西斯 艾露},艾露
5248802848585234000,cb::admg,10840202 ,[,0,0,2,-1,-1,],->218010428:[1|0.0.255.0],<800005>,<0>,dmg: ,359, ,0: 00 03 01 02,(,55.47,):,[,4203,957,3395,1042, ,],{,421,90,315,106, ,},{ 埃尔菲莉丝 拉拉诺亚 阿莱克西斯 艾露},艾露
5248802848585924000,cb::admg,20050208 ,[,0,0,0,-1,-1,],->218010428:[1|0.0.255.0],<10097140>,<0>,dmg: ,1578, ,0: 00 03 01 02,(,55.54,):,[,4519,957,3395,1042, ,],{,445,90,315,106, ,},{ 埃尔菲莉丝 拉拉诺亚 阿莱克西斯 艾露},
5248802848589049000,cb::apsd,218010428 ,[,1,0,0,255,0,],->10650201:[0|0.3.-1.-1],<2>,<burn>,dmg: ,152, ,0: 00 02 2550,(,55.85,):,[,-557,-96,205, , ,],{,-51,-15,18, , ,},{ 埃尔菲莉丝 艾露 }, 拉拉诺亚
5248802848589074000,cb::admg,10650201 ,[,0,0,3,-1,-1,],->218010428:[1|0.0.255.0],<600000>,<0>,dmg: ,197, ,0: 00 03 01 02,(,55.85,):,[,4519,368,3395,1042, ,],{,445,89,315,106, ,},{ 埃尔菲莉丝 拉拉诺亚 阿莱克西斯 艾露},拉拉诺亚
5248802848589082000,cb::admg,10650201 ,[,0,0,3,-1,-1,],->218010428:[1|0.0.255.0],<600000>,<0>,dmg: ,209, ,0: 00 03 01 02,(,55.85,):,[,4519,410,3395,1042, ,],{,445,92,315,106, ,},{ 埃尔菲莉丝 拉拉诺亚 阿莱克西斯 艾露},拉拉诺亚
5248802848589088000,cb::admg,10650201 ,[,0,0,3,-1,-1,],->218010428:[1|0.0.255.0],<600000>,<0>,dmg: ,206, ,0: 00 03 01 02,(,55.85,):,[,4519,451,3395,1042, ,],{,445,96,315,106, ,},{ 埃尔菲莉丝 拉拉诺亚 阿莱克西斯 艾露},拉拉诺亚
5248802848589939000,cb::admg,20050208 ,[,0,0,0,-1,-1,],->218010428:[1|0.0.255.0],<10097141>,<0>,dmg: ,1658, ,0: 00 03 01 02,(,55.94,):,[,4850,451,3395,1042, ,],{,472,96,315,106, ,},{ 埃尔菲莉丝 拉拉诺亚 阿莱克西斯 艾露},
5248802848591042000,cb::admg,10650201 ,[,0,0,3,-1,-1,],->218010428:[1|0.0.255.0],<600001>,<0>,dmg: ,263, ,0: 00 03 01 02,(,56.05,):,[,4850,324,3395,1042, ,],{,472,101,315,106, ,},{ 埃尔菲莉丝 拉拉诺亚 阿莱克西斯 艾露},拉拉诺亚
5248802848592135000,cb::admg,10650201 ,[,0,0,3,-1,-1,],->218010428:[1|0.0.255.0],<600001>,<0>,dmg: ,438, ,0: 00 03 01 02,(,56.16,):,[,4850,411,3395,1042, ,],{,472,108,315,106, ,},{ 埃尔菲莉丝 拉拉诺亚 阿莱克西斯 艾露},拉拉诺亚
5248802848594559000,cb::admg,10840202 ,[,0,0,2,-1,-1,],->218010428:[1|0.0.255.0],<800000>,<0>,dmg: ,398, ,0: 00 03 01 02,(,56.40,):,[,4850,411,3395,836, ,],{,472,108,315,112, ,},{ 埃尔菲莉丝 拉拉诺亚 阿莱克西斯 艾露},艾露
5248802848595445000,cb::admg,20050208 ,[,0,0,0,-1,-1,],->218010428:[1|0.0.255.0],<10097142>,<0>,dmg: ,2786, ,0: 00 03 01 02,(,56.49,):,[,5408,411,3395,836, ,],{,516,108,315,112, ,},{ 埃尔菲莉丝 拉拉诺亚 阿莱克西斯 艾露},
5248802848597179000,cb::apsd,218010428 ,[,1,0,0,255,0,],->10150201:[0|0.1.-1.-1],<2>,<burn>,dmg: ,144, ,0: 00 2550 02,(,56.66,):,[,-593,169,-93, , ,],{,-58,24,-15, , ,},{ 埃尔菲莉丝  艾露}, 阿莱克西斯
5248802848597677000,cb::admg,10840202 ,[,0,0,2,-1,-1,],->10840202:[0|0.2.-1.-1],<891060>,<108402022>,dmg: ,-932, ,0: 00 02,(,56.71,):,[,-585,-186, , , ,],{,-57,-25, , , ,},{ 埃尔菲莉丝 艾露},艾露 艾露 纯正药草
5248802848597689000,cb::admg,10840202 ,[,0,0,2,-1,-1,],->10650201:[0|0.3.-1.-1],<891060>,<108402022>,dmg: ,-964, ,0: 00 02 2550,(,56.71,):,[,-557,-192,205, , ,],{,-51,-25,18, , ,},{ 埃尔菲莉丝 艾露 },艾露 拉拉诺亚 纯正药草
5248802848598838000,cb::admg,10840202 ,[,0,0,2,-1,-1,],->10150201:[0|0.1.-1.-1],<891060>,<108402022>,dmg: ,-951, ,0: 00 2550 02,(,56.83,):,[,-593,169,-190, , ,],{,-58,24,-24, , ,},{ 埃尔菲莉丝  艾露},艾露 阿莱克西斯 纯正药草
5248802848600000000,cb::admg,10650201 ,[,0,0,3,-1,-1,],->218010428:[1|0.0.255.0],<600005>,<0>,dmg: ,301, ,0: 00 03 01 02,(,56.94,):,[,5408,472,3395,836, ,],{,516,112,315,112, ,},{ 埃尔菲莉丝 拉拉诺亚 阿莱克西斯 艾露},拉拉诺亚
5248802848600024000,cb::admg,10650201 ,[,0,0,3,-1,-1,],->10650201:[0|0.3.-1.-1],<600005>,<0>,dmg: ,0, ,0: 00 02 2550 03,(,56.95,):,[,-557,-192,205,0, ,],{,-51,-25,18,0, ,},{ 埃尔菲莉丝 艾露  拉拉诺亚},拉拉诺亚 拉拉诺亚
5248802848600691000,cb::admg,10650201 ,[,0,0,3,-1,-1,],->218010428:[1|0.0.255.0],<600005>,<0>,dmg: ,305, ,0: 00 03 01 02,(,57.01,):,[,5408,533,3395,836, ,],{,516,117,315,112, ,},{ 埃尔菲莉丝 拉拉诺亚 阿莱克西斯 艾露},拉拉诺亚
5248802848600726000,cb::admg,10650201 ,[,0,0,3,-1,-1,],->10650201:[0|0.3.-1.-1],<600005>,<0>,dmg: ,0, ,0: 00 02 2550 03,(,57.02,):,[,-557,-192,205,0, ,],{,-51,-25,18,0, ,},{ 埃尔菲莉丝 艾露  拉拉诺亚},拉拉诺亚 拉拉诺亚
5248802848601005000,cb::admg,218010428 ,[,1,0,0,255,0,],->10150201:[0|0.1.-1.-1],<300211702>,<0>,dmg: ,321, ,0: 00 2550 02,(,57.04,):,[,-593,233,-190, , ,],{,-58,29,-24, , ,},{ 埃尔菲莉丝  艾露}, 阿莱克西斯
5248802848601344000,cb::admg,10650201 ,[,0,0,3,-1,-1,],->218010428:[1|0.0.255.0],<600005>,<0>,dmg: ,300, ,0: 00 03 01 02,(,57.08,):,[,5408,593,3395,836, ,],{,516,122,315,112, ,},{ 埃尔菲莉丝 拉拉诺亚 阿莱克西斯 艾露},拉拉诺亚
5248802848601363000,cb::admg,10650201 ,[,0,0,3,-1,-1,],->10650201:[0|0.3.-1.-1],<600005>,<0>,dmg: ,0, ,0: 00 02 2550 03,(,57.08,):,[,-557,-192,205,0, ,],{,-51,-25,18,0, ,},{ 埃尔菲莉丝 艾露  拉拉诺亚},拉拉诺亚 拉拉诺亚
5248802848601824000,cb::admg,10650201 ,[,0,0,3,-1,-1,],->218010428:[1|0.0.255.0],<600000>,<0>,dmg: ,190, ,0: 00 03 01 02,(,57.13,):,[,5408,631,3395,836, ,],{,516,125,315,112, ,},{ 埃尔菲莉丝 拉拉诺亚 阿莱克西斯 艾露},拉拉诺亚
5248802848602128000,cb::admg,10650201 ,[,0,0,3,-1,-1,],->218010428:[1|0.0.255.0],<600005>,<0>,dmg: ,302, ,0: 00 03 01 02,(,57.16,):,[,5408,691,3395,836, ,],{,516,131,315,112, ,},{ 埃尔菲莉丝 拉拉诺亚 阿莱克西斯 艾露},拉拉诺亚
5248802848602140000,cb::admg,10650201 ,[,0,0,3,-1,-1,],->218010428:[1|0.0.255.0],<600000>,<0>,dmg: ,195, ,0: 00 03 01 02,(,57.16,):,[,5408,730,3395,836, ,],{,516,134,315,112, ,},{ 埃尔菲莉丝 拉拉诺亚 阿莱克西斯 艾露},拉拉诺亚
5248802848602147000,cb::admg,10650201 ,[,0,0,3,-1,-1,],->218010428:[1|0.0.255.0],<600000>,<0>,dmg: ,205, ,0: 00 03 01 02,(,57.16,):,[,5408,771,3395,836, ,],{,516,138,315,112, ,},{ 埃尔菲莉丝 拉拉诺亚 阿莱克西斯 艾露},拉拉诺亚
5248802848602672000,cb::admg,10650201 ,[,0,0,3,-1,-1,],->218010428:[1|0.0.255.0],<600005>,<0>,dmg: ,528, ,0: 00 03 01 02,(,57.21,):,[,5408,877,3395,836, ,],{,516,147,315,112, ,},{ 埃尔菲莉丝 拉拉诺亚 阿莱克西斯 艾露},拉拉诺亚
5248802848603447000,cb::admg,10650201 ,[,0,0,3,-1,-1,],->218010428:[1|0.0.255.0],<600005>,<0>,dmg: ,308, ,0: 00 03 01 02,(,57.29,):,[,5408,938,3395,836, ,],{,516,152,315,112, ,},{ 埃尔菲莉丝 拉拉诺亚 阿莱克西斯 艾露},拉拉诺亚
5248802848603565000,cb::apsd,218010428 ,[,1,0,0,255,0,],->10650201:[0|0.3.-1.-1],<2>,<burn>,dmg: ,152, ,0: 00 02 2550 03,(,57.30,):,[,-557,-192,235,0, ,],{,-51,-25,20,0, ,},{ 埃尔菲莉丝 艾露  拉拉诺亚}, 拉拉诺亚
5248802848603894000,cb::admg,10650201 ,[,0,0,3,-1,-1,],->218010428:[1|0.0.255.0],<600005>,<0>,dmg: ,301, ,0: 00 03 01 02,(,57.33,):,[,5408,998,3395,836, ,],{,516,157,315,112, ,},{ 埃尔菲莉丝 拉拉诺亚 阿莱克西斯 艾露},拉拉诺亚
5248802848605057000,cb::admg,218010428 ,[,1,0,0,255,0,],->10450202:[0|0.0.-1.-1],<300211702>,<0>,dmg: ,1642, ,0: 00 2550 02,(,57.45,):,[,-577,328,-94, , ,],{,-57,44,-15, , ,},{ 埃尔菲莉丝  艾露}, 埃尔菲莉丝
5248802848610943000,cb::admg,218010428 ,[,1,0,0,255,0,],->10450202:[0|0.0.-1.-1],<300211702>,<0>,dmg: ,821, ,0: 00 2550 02,(,58.04,):,[,-577,492,-94, , ,],{,-57,57,-15, , ,},{ 埃尔菲莉丝  艾露}, 埃尔菲莉丝
5248802848611812000,cb::apsd,218010428 ,[,1,0,0,255,0,],->10150201:[0|0.1.-1.-1],<2>,<burn>,dmg: ,144, ,0: 00 2550 02,(,58.13,):,[,-593,262,-190, , ,],{,-58,31,-24, , ,},{ 埃尔菲莉丝  艾露}, 阿莱克西斯
5248802848617933000,cb::admg,10650201 ,[,0,0,3,-1,-1,],->10650201:[0|0.3.-1.-1],<683005>,<106502012>,dmg: ,0, ,0: 00 02 2550 03,(,58.74,):,[,-557,-192,235,0, ,],{,-51,-25,20,0, ,},{ 埃尔菲莉丝 艾露  拉拉诺亚},拉拉诺亚 拉拉诺亚 狩猎直觉
5248802848617942000,cb::admg,10650201 ,[,0,0,3,-1,-1,],->10650201:[0|0.3.-1.-1],<683005>,<106502012>,dmg: ,0, ,0: 00 02 2550 03,(,58.74,):,[,-557,-192,235,0, ,],{,-51,-25,20,0, ,},{ 埃尔菲莉丝 艾露  拉拉诺亚},拉拉诺亚 拉拉诺亚 狩猎直觉
5248802848617948000,cb::apsd,218010428 ,[,1,0,0,255,0,],->10650201:[0|0.3.-1.-1],<2>,<burn>,dmg: ,152, ,0: 00 02 2550 03,(,58.74,):,[,-557,-192,266,0, ,],{,-51,-25,22,0, ,},{ 埃尔菲莉丝 艾露  拉拉诺亚}, 拉拉诺亚
5248802848618597000,cb::admg,10650201 ,[,0,0,3,-1,-1,],->10840202:[0|0.2.-1.-1],<683005>,<106502012>,dmg: ,0, ,0: 00 02 03,(,58.80,):,[,-585,-186,0, , ,],{,-57,-25,0, , ,},{ 埃尔菲莉丝 艾露 拉拉诺亚},拉拉诺亚 艾露 狩猎直觉
5248802848618610000,cb::admg,10650201 ,[,0,0,3,-1,-1,],->10840202:[0|0.2.-1.-1],<683005>,<106502012>,dmg: ,0, ,0: 00 02 03,(,58.81,):,[,-585,-186,0, , ,],{,-57,-25,0, , ,},{ 埃尔菲莉丝 艾露 拉拉诺亚},拉拉诺亚 艾露 狩猎直觉
5248802848619429000,cb::admg,10650201 ,[,0,0,3,-1,-1,],->10150201:[0|0.1.-1.-1],<683005>,<106502012>,dmg: ,0, ,0: 00 2550 02 03,(,58.89,):,[,-593,262,-190,0, ,],{,-58,31,-24,0, ,},{ 埃尔菲莉丝  艾露 拉拉诺亚},拉拉诺亚 阿莱克西斯 狩猎直觉
5248802848619442000,cb::admg,10650201 ,[,0,0,3,-1,-1,],->10150201:[0|0.1.-1.-1],<683005>,<106502012>,dmg: ,0, ,0: 00 2550 02 03,(,58.89,):,[,-593,262,-190,0, ,],{,-58,31,-24,0, ,},{ 埃尔菲莉丝  艾露 拉拉诺亚},拉拉诺亚 阿莱克西斯 狩猎直觉
5248802848622217000,cb::admg,218010428 ,[,1,0,0,255,0,],->10840202:[0|0.2.-1.-1],<300211702>,<0>,dmg: ,1767, ,0: 00 02 03 2550,(,59.17,):,[,-585,-186,0,353, ,],{,-57,-25,0,29, ,},{ 埃尔菲莉丝 艾露 拉拉诺亚 }, 艾露
5248802848626853000,cb::admg,218010428 ,[,1,0,0,255,0,],->10650201:[0|0.3.-1.-1],<300211702>,<0>,dmg: ,1090, ,0: 00 02 2550 03,(,59.63,):,[,-557,-192,309,0, ,],{,-51,-25,40,0, ,},{ 埃尔菲莉丝 艾露  拉拉诺亚}, 拉拉诺亚
5248802848636799000,cb::apsd,218010428 ,[,1,0,0,255,0,],->10840202:[0|0.2.-1.-1],<2>,<burn>,dmg: ,212, ,0: 00 02 03 2550,(,60.62,):,[,-585,-186,0,395, ,],{,-57,-25,0,32, ,},{ 埃尔菲莉丝 艾露 拉拉诺亚 }, 艾露
5248802848641435000,cb::apsd,218010428 ,[,1,0,0,255,0,],->10650201:[0|0.3.-1.-1],<2>,<burn>,dmg: ,152, ,0: 00 02 2550 03,(,61.09,):,[,-557,-192,309,0, ,],{,-51,-25,42,0, ,},{ 埃尔菲莉丝 艾露  拉拉诺亚}, 拉拉诺亚
5248802848643664000,cb::admg,10650201 ,[,0,0,3,-1,-1,],->10650201:[0|0.3.-1.-1],<20603003>,<306502011>,dmg: ,0, ,0: 00 02 2550 03,(,61.31,):,[,-557,-192,309,0, ,],{,-51,-25,42,0, ,},{ 埃尔菲莉丝 艾露  拉拉诺亚},拉拉诺亚 拉拉诺亚 孔雀会心
5248802848646769000,cb::admg,10150201 ,[,0,0,1,-1,-1,],->218010428:[1|0.0.255.0],<100000>,<0>,dmg: ,731, ,0: 00 03 01 02,(,61.62,):,[,5408,998,146,836, ,],{,516,157,287,112, ,},{ 埃尔菲莉丝 拉拉诺亚 阿莱克西斯 艾露},阿莱克西斯
5248802848649070000,cb::admg,10150201 ,[,0,0,1,-1,-1,],->218010428:[1|0.0.255.0],<100001>,<0>,dmg: ,755, ,0: 00 03 01 02,(,61.85,):,[,5408,998,297,836, ,],{,516,157,298,112, ,},{ 埃尔菲莉丝 拉拉诺亚 阿莱克西斯 艾露},阿莱克西斯
5248802848649229000,cb::admg,10840202 ,[,0,0,2,-1,-1,],->218010428:[1|0.0.255.0],<800005>,<0>,dmg: ,628, ,0: 00 03 01 02,(,61.87,):,[,5408,998,297,125, ,],{,516,157,298,112, ,},{ 埃尔菲莉丝 拉拉诺亚 阿莱克西斯 艾露},艾露
5248802848649422000,cb::admg,10450202 ,[,0,0,0,-1,-1,],->218010428:[1|0.0.255.0],<400005>,<0>,dmg: ,1044, ,0: 00 03 01 02,(,61.89,):,[,208,998,297,125, ,],{,488,157,298,112, ,},{ 埃尔菲莉丝 拉拉诺亚 阿莱克西斯 艾露},埃尔菲莉丝
5248802848651080000,cb::admg,10150201 ,[,0,0,1,-1,-1,],->218010428:[1|0.0.255.0],<100002>,<0>,dmg: ,913, ,0: 00 03 01 02,(,62.05,):,[,208,998,479,125, ,],{,488,157,312,112, ,},{ 埃尔菲莉丝 拉拉诺亚 阿莱克西斯 艾露},阿莱克西斯
5248802848651094000,cb::admg,10840202 ,[,0,0,2,-1,-1,],->218010428:[1|0.0.255.0],<800005>,<0>,dmg: ,382, ,0: 00 03 01 02,(,62.05,):,[,208,998,479,202, ,],{,488,157,312,118, ,},{ 埃尔菲莉丝 拉拉诺亚 阿莱克西斯 艾露},艾露
5248802848651273000,cb::apsd,218010428 ,[,1,0,0,255,0,],->10840202:[0|0.2.-1.-1],<2>,<burn>,dmg: ,212, ,0: 00 02 03 2550,(,62.07,):,[,-585,-186,0,438, ,],{,-57,-25,0,35, ,},{ 埃尔菲莉丝 艾露 拉拉诺亚 }, 艾露
5248802848652061000,cb::admg,10450202 ,[,0,0,0,-1,-1,],->10450202:[0|0.0.-1.-1],<491110>,<104502021>,dmg: ,0, ,0: 00 2550 02,(,62.15,):,[,0,492,-94, , ,],{,-46,57,-15, , ,},{ 埃尔菲莉丝  艾露},埃尔菲莉丝 埃尔菲莉丝 神圣决断
5248802848652075000,cb::admg,10450202 ,[,0,0,0,-1,-1,],->10150201:[0|0.1.-1.-1],<491110>,<104502021>,dmg: ,0, ,0: 00 2550 02 03,(,62.15,):,[,0,262,-190,0, ,],{,-47,31,-24,0, ,},{ 埃尔菲莉丝  艾露 拉拉诺亚},埃尔菲莉丝 阿莱克西斯 神圣决断
5248802848652084000,cb::admg,10450202 ,[,0,0,0,-1,-1,],->10840202:[0|0.2.-1.-1],<491110>,<104502021>,dmg: ,0, ,0: 00 02 03 2550,(,62.15,):,[,0,-186,0,438, ,],{,-47,-25,0,35, ,},{ 埃尔菲莉丝 艾露 拉拉诺亚 },埃尔菲莉丝 艾露 神圣决断
5248802848652098000,cb::admg,10450202 ,[,0,0,0,-1,-1,],->10650201:[0|0.3.-1.-1],<491110>,<104502021>,dmg: ,0, ,0: 00 02 2550 03,(,62.15,):,[,0,-192,309,0, ,],{,-44,-25,42,0, ,},{ 埃尔菲莉丝 艾露  拉拉诺亚},埃尔菲莉丝 拉拉诺亚 神圣决断
5248802848652887000,cb::admg,10840202 ,[,0,0,2,-1,-1,],->218010428:[1|0.0.255.0],<800005>,<0>,dmg: ,823, ,0: 00 03 01 02,(,62.23,):,[,208,998,479,366, ,],{,488,157,312,131, ,},{ 埃尔菲莉丝 拉拉诺亚 阿莱克西斯 艾露},艾露
5248802848654032000,cb::admg,10840202 ,[,0,0,2,-1,-1,],->218010428:[1|0.0.255.0],<800005>,<0>,dmg: ,510, ,0: 00 03 01 02,(,62.35,):,[,208,998,479,468, ,],{,488,157,312,139, ,},{ 埃尔菲莉丝 拉拉诺亚 阿莱克西斯 艾露},艾露
5248802848655744000,cb::admg,10150201 ,[,0,0,1,-1,-1,],->218010428:[1|0.0.255.0],<143000>,<101502012>,dmg: ,3900, ,0: 00 03 01 02,(,62.52,):,[,208,998,1259,468, ,],{,488,157,372,139, ,},{ 埃尔菲莉丝 拉拉诺亚 阿莱克西斯 艾露},阿莱克西斯 皇家漩涡
5248802848655908000,cb::apsd,218010428 ,[,1,0,0,255,0,],->10650201:[0|0.3.-1.-1],<2>,<burn>,dmg: ,152, ,0: 00 02 2550 03,(,62.54,):,[,0,-192,309,0, ,],{,-44,-25,43,0, ,},{ 埃尔菲莉丝 艾露  拉拉诺亚}, 拉拉诺亚
5248802848656314000,cb::admg,10150201 ,[,0,0,1,-1,-1,],->218010428:[1|0.0.255.0],<143000>,<101502012>,dmg: ,6049, ,0: 00 03 01 02,(,62.58,):,[,208,998,2469,468, ,],{,488,157,468,139, ,},{ 埃尔菲莉丝 拉拉诺亚 阿莱克西斯 艾露},阿莱克西斯 皇家漩涡
5248802848656332000,cb::admg,10650201 ,[,0,0,3,-1,-1,],->218010428:[1|0.0.255.0],<600005>,<0>,dmg: ,701, ,0: 00 03 01 02,(,62.58,):,[,208,140,2469,468, ,],{,488,155,468,139, ,},{ 埃尔菲莉丝 拉拉诺亚 阿莱克西斯 艾露},拉拉诺亚
5248802848657020000,cb::admg,10150201 ,[,0,0,1,-1,-1,],->218010428:[1|0.0.255.0],<143000>,<101502012>,dmg: ,6421, ,0: 00 03 01 02,(,62.65,):,[,208,140,3753,468, ,],{,488,155,570,139, ,},{ 埃尔菲莉丝 拉拉诺亚 阿莱克西斯 艾露},阿莱克西斯 皇家漩涡
5248802848657037000,cb::admg,10650201 ,[,0,0,3,-1,-1,],->218010428:[1|0.0.255.0],<600005>,<0>,dmg: ,714, ,0: 00 03 01 02,(,62.65,):,[,208,283,3753,468, ,],{,488,166,570,139, ,},{ 埃尔菲莉丝 拉拉诺亚 阿莱克西斯 艾露},拉拉诺亚
5248802848657930000,cb::admg,10450202 ,[,0,0,0,-1,-1,],->218010428:[1|0.0.255.0],<400000>,<0>,dmg: ,1408, ,0: 00 03 01 02,(,62.74,):,[,490,283,3753,468, ,],{,504,166,570,139, ,},{ 埃尔菲莉丝 拉拉诺亚 阿莱克西斯 艾露},埃尔菲莉丝
5248802848657955000,cb::admg,10650201 ,[,0,0,3,-1,-1,],->218010428:[1|0.0.255.0],<600005>,<0>,dmg: ,1174, ,0: 00 03 01 02,(,62.74,):,[,490,517,3753,468, ,],{,504,185,570,139, ,},{ 埃尔菲莉丝 拉拉诺亚 阿莱克西斯 艾露},拉拉诺亚
5248802848657967000,cb::admg,10650201 ,[,0,0,3,-1,-1,],->218010428:[1|0.0.255.0],<600000>,<0>,dmg: ,813, ,0: 00 03 01 02,(,62.74,):,[,490,680,3753,468, ,],{,504,198,570,139, ,},{ 埃尔菲莉丝 拉拉诺亚 阿莱克西斯 艾露},拉拉诺亚
5248802848657974000,cb::admg,10650201 ,[,0,0,3,-1,-1,],->218010428:[1|0.0.255.0],<600000>,<0>,dmg: ,481, ,0: 00 03 01 02,(,62.74,):,[,490,776,3753,468, ,],{,504,205,570,139, ,},{ 埃尔菲莉丝 拉拉诺亚 阿莱克西斯 艾露},拉拉诺亚
5248802848657981000,cb::admg,10650201 ,[,0,0,3,-1,-1,],->218010428:[1|0.0.255.0],<600000>,<0>,dmg: ,831, ,0: 00 03 01 02,(,62.74,):,[,490,942,3753,468, ,],{,504,219,570,139, ,},{ 埃尔菲莉丝 拉拉诺亚 阿莱克西斯 艾露},拉拉诺亚
5248802848658219000,cb::admg,10650201 ,[,0,0,3,-1,-1,],->218010428:[1|0.0.255.0],<600005>,<0>,dmg: ,1186, ,0: 00 03 01 02,(,62.77,):,[,490,1180,3753,468, ,],{,504,237,570,139, ,},{ 埃尔菲莉丝 拉拉诺亚 阿莱克西斯 艾露},拉拉诺亚
5248802848658955000,cb::admg,10650201 ,[,0,0,3,-1,-1,],->218010428:[1|0.0.255.0],<600005>,<0>,dmg: ,711, ,0: 00 03 01 02,(,62.84,):,[,490,1322,3753,468, ,],{,504,248,570,139, ,},{ 埃尔菲莉丝 拉拉诺亚 阿莱克西斯 艾露},拉拉诺亚
5248802848659529000,cb::admg,10650201 ,[,0,0,3,-1,-1,],->218010428:[1|0.0.255.0],<600005>,<0>,dmg: ,1136, ,0: 00 03 01 02,(,62.90,):,[,490,1549,3753,468, ,],{,504,266,570,139, ,},{ 埃尔菲莉丝 拉拉诺亚 阿莱克西斯 艾露},拉拉诺亚
5248802848659864000,cb::admg,10650201 ,[,0,0,3,-1,-1,],->218010428:[1|0.0.255.0],<600001>,<0>,dmg: ,568, ,0: 00 03 01 02,(,62.93,):,[,490,1663,3753,468, ,],{,504,275,570,139, ,},{ 埃尔菲莉丝 拉拉诺亚 阿莱克西斯 艾露},拉拉诺亚
5248802848660178000,cb::admg,10650201 ,[,0,0,3,-1,-1,],->218010428:[1|0.0.255.0],<600005>,<0>,dmg: ,1232, ,0: 00 03 01 02,(,62.96,):,[,490,1909,3753,468, ,],{,504,295,570,139, ,},{ 埃尔菲莉丝 拉拉诺亚 阿莱克西斯 艾露},拉拉诺亚
5248802848660531000,cb::admg,10450202 ,[,0,0,0,-1,-1,],->218010428:[1|0.0.255.0],<20413000>,<304502011>,dmg: ,4661, ,0: 00 03 01 02,(,63.00,):,[,1422,1909,3753,468, ,],{,576,295,570,139, ,},{ 埃尔菲莉丝 拉拉诺亚 阿莱克西斯 艾露},埃尔菲莉丝 海龙碎击
5248802848660932000,cb::admg,10650201 ,[,0,0,3,-1,-1,],->218010428:[1|0.0.255.0],<600005>,<0>,dmg: ,711, ,0: 00 03 01 02,(,63.04,):,[,1422,2051,3753,468, ,],{,576,306,570,139, ,},{ 埃尔菲莉丝 拉拉诺亚 阿莱克西斯 艾露},拉拉诺亚
5248802848660941000,cb::admg,10650201 ,[,0,0,3,-1,-1,],->218010428:[1|0.0.255.0],<600001>,<0>,dmg: ,1025, ,0: 00 03 01 02,(,63.04,):,[,1422,2256,3753,468, ,],{,576,322,570,139, ,},{ 埃尔菲莉丝 拉拉诺亚 阿莱克西斯 艾露},拉拉诺亚
5248802848662851000,cb::admg,10450202 ,[,0,0,0,-1,-1,],->218010428:[1|0.0.255.0],<20413000>,<304502011>,dmg: ,4941, ,0: 00 03 01 02,(,63.23,):,[,2410,2256,3753,468, ,],{,652,322,570,139, ,},{ 埃尔菲莉丝 拉拉诺亚 阿莱克西斯 艾露},埃尔菲莉丝 海龙碎击
5248802848663993000,cb::admg,10650201 ,[,0,0,3,-1,-1,],->218010428:[1|0.0.255.0],<600002>,<0>,dmg: ,662, ,0: 00 03 01 02,(,63.34,):,[,2410,2389,3753,468, ,],{,652,331,570,139, ,},{ 埃尔菲莉丝 拉拉诺亚 阿莱克西斯 艾露},拉拉诺亚
5248802848664007000,cb::admg,10650201 ,[,0,0,3,-1,-1,],->218010428:[1|0.0.255.0],<600002>,<0>,dmg: ,1113, ,0: 00 03 01 02,(,63.35,):,[,2410,2611,3753,468, ,],{,652,348,570,139, ,},{ 埃尔菲莉丝 拉拉诺亚 阿莱克西斯 艾露},拉拉诺亚
5248802848664016000,cb::admg,10650201 ,[,0,0,3,-1,-1,],->218010428:[1|0.0.255.0],<600002>,<0>,dmg: ,667, ,0: 00 03 01 02,(,63.35,):,[,2410,2745,3753,468, ,],{,652,359,570,139, ,},{ 埃尔菲莉丝 拉拉诺亚 阿莱克西斯 艾露},拉拉诺亚
5248802848665816000,cb::apsd,218010428 ,[,1,0,0,255,0,],->10840202:[0|0.2.-1.-1],<2>,<burn>,dmg: ,212, ,0: 00 02 03 2550,(,63.53,):,[,0,-186,0,480, ,],{,-47,-25,0,37, ,},{ 埃尔菲莉丝 艾露 拉拉诺亚 }, 艾露
5248802848665978000,cb::admg,10840202 ,[,0,0,2,-1,-1,],->218010428:[1|0.0.255.0],<800000>,<0>,dmg: ,555, ,0: 00 03 01 02,(,63.54,):,[,2410,2745,3753,579, ,],{,652,359,570,145, ,},{ 埃尔菲莉丝 拉拉诺亚 阿莱克西斯 艾露},艾露
5248802848666316000,cb::admg,10150201 ,[,0,0,1,-1,-1,],->218010428:[1|0.0.255.0],<100000>,<0>,dmg: ,1504, ,0: 00 03 01 02,(,63.58,):,[,2410,2745,4054,579, ,],{,652,359,585,145, ,},{ 埃尔菲莉丝 拉拉诺亚 阿莱克西斯 艾露},阿莱克西斯
5248802848667276000,cb::admg,10450202 ,[,0,0,0,-1,-1,],->218010428:[1|0.0.255.0],<20413000>,<304502011>,dmg: ,4796, ,0: 00 03 01 02,(,63.67,):,[,3370,2745,4054,579, ,],{,723,359,585,145, ,},{ 埃尔菲莉丝 拉拉诺亚 阿莱克西斯 艾露},埃尔菲莉丝 海龙碎击
5248802848667542000,cb::admg,10650201 ,[,0,0,3,-1,-1,],->218010428:[1|0.0.255.0],<600003>,<0>,dmg: ,1653, ,0: 00 03 01 02,(,63.70,):,[,3370,3075,4054,579, ,],{,723,383,585,145, ,},{ 埃尔菲莉丝 拉拉诺亚 阿莱克西斯 艾露},拉拉诺亚
5248802848668227000,cb::admg,10650201 ,[,0,0,3,-1,-1,],->218010428:[1|0.0.255.0],<600003>,<0>,dmg: ,937, ,0: 00 03 01 02,(,63.77,):,[,3370,3263,4054,579, ,],{,723,397,585,145, ,},{ 埃尔菲莉丝 拉拉诺亚 阿莱克西斯 艾露},拉拉诺亚
5248802848668591000,cb::admg,10840202 ,[,0,0,2,-1,-1,],->218010428:[1|0.0.255.0],<800001>,<0>,dmg: ,608, ,0: 00 03 01 02,(,63.80,):,[,3370,3263,4054,701, ,],{,723,397,585,154, ,},{ 埃尔菲莉丝 拉拉诺亚 阿莱克西斯 艾露},艾露
5248802848668716000,cb::admg,10150201 ,[,0,0,1,-1,-1,],->218010428:[1|0.0.255.0],<100001>,<0>,dmg: ,1625, ,0: 00 03 01 02,(,63.82,):,[,3370,3263,4379,701, ,],{,723,397,609,154, ,},{ 埃尔菲莉丝 拉拉诺亚 阿莱克西斯 艾露},阿莱克西斯
5248802848670482000,cb::apsd,218010428 ,[,1,0,0,255,0,],->10650201:[0|0.3.-1.-1],<2>,<burn>,dmg: ,152, ,0: 00 02 2550 03,(,63.99,):,[,0,-192,309,0, ,],{,-44,-25,44,0, ,},{ 埃尔菲莉丝 艾露  拉拉诺亚}, 拉拉诺亚
5248802848670625000,cb::admg,10150201 ,[,0,0,1,-1,-1,],->218010428:[1|0.0.255.0],<100002>,<0>,dmg: ,1655, ,0: 00 03 01 02,(,64.01,):,[,3370,3263,4710,701, ,],{,723,397,633,154, ,},{ 埃尔菲莉丝 拉拉诺亚 阿莱克西斯 艾露},阿莱克西斯
5248802848670816000,cb::admg,10840202 ,[,0,0,2,-1,-1,],->218010428:[1|0.0.255.0],<800002>,<0>,dmg: ,335, ,0: 00 03 01 02,(,64.03,):,[,3370,3263,4710,768, ,],{,723,397,633,158, ,},{ 埃尔菲莉丝 拉拉诺亚 阿莱克西斯 艾露},艾露
5248802848671992000,cb::admg,10840202 ,[,0,0,2,-1,-1,],->218010428:[1|0.0.255.0],<800002>,<0>,dmg: ,336, ,0: 00 03 01 02,(,64.14,):,[,3370,3263,4710,835, ,],{,723,397,633,163, ,},{ 埃尔菲莉丝 拉拉诺亚 阿莱克西斯 艾露},艾露
5248802848672819000,cb::admg,10840202 ,[,0,0,2,-1,-1,],->10450202:[0|0.0.-1.-1],<891051>,<108402023>,dmg: ,-492, ,0: 00 2550 02,(,64.23,):,[,0,492,-98, , ,],{,-46,57,-15, , ,},{ 埃尔菲莉丝  艾露},艾露 埃尔菲莉丝 治愈之药Ⅱ
5248802848672836000,cb::admg,10840202 ,[,0,0,2,-1,-1,],->10150201:[0|0.1.-1.-1],<891051>,<108402023>,dmg: ,-495, ,0: 00 2550 02 03,(,64.23,):,[,0,262,-99,0, ,],{,-47,31,-29,0, ,},{ 埃尔菲莉丝  艾露 拉拉诺亚},艾露 阿莱克西斯 治愈之药Ⅱ
5248802848672851000,cb::admg,10840202 ,[,0,0,2,-1,-1,],->10840202:[0|0.2.-1.-1],<891051>,<108402023>,dmg: ,-498, ,0: 00 02 03 2550,(,64.23,):,[,0,-99,0,480, ,],{,-47,-29,0,37, ,},{ 埃尔菲莉丝 艾露 拉拉诺亚 },艾露 艾露 治愈之药Ⅱ
5248802848672865000,cb::admg,10840202 ,[,0,0,2,-1,-1,],->10650201:[0|0.3.-1.-1],<891051>,<108402023>,dmg: ,-458, ,0: 00 02 2550 03,(,64.23,):,[,0,-91,309,0, ,],{,-44,-29,44,0, ,},{ 埃尔菲莉丝 艾露  拉拉诺亚},艾露 拉拉诺亚 治愈之药Ⅱ
5248802848672885000,cb::admg,10840202 ,[,0,0,2,-1,-1,],->10450202:[0|0.0.-1.-1],<891051>,<108402023>,dmg: ,0, ,0: 00 2550 02,(,64.23,):,[,0,492,-98, , ,],{,-46,57,-15, , ,},{ 埃尔菲莉丝  艾露},艾露 埃尔菲莉丝 治愈之药Ⅱ
5248802848672894000,cb::admg,10840202 ,[,0,0,2,-1,-1,],->10150201:[0|0.1.-1.-1],<891051>,<108402023>,dmg: ,0, ,0: 00 2550 02 03,(,64.23,):,[,0,262,-99,0, ,],{,-47,31,-29,0, ,},{ 埃尔菲莉丝  艾露 拉拉诺亚},艾露 阿莱克西斯 治愈之药Ⅱ
